id,year,session,no,category,subcategory,question,choice1,choice2,choice3,choice4,answer,explanation_shoken,explanation_kenryu,imageUrl,,,,,,,,,,,,,
H30-AM-1,H30,午前,1,建築学,環境工学,換気に関する記述として、最も不適当なものはどれか。,第3種機械換気方式は、自然給気と排気機による換気方式で、浴室や便所などに用いられる。,自然換気設備の給気口は、調理室等を除き、居室の天井の高さの 1/2 以下の高さに設置する。,営業用の厨房は、一般に窓のない浴室よりも換気回数を多く必要とする。,給気口から排気口に至る換気経路を短くする方が、室内の換気効率はよくなる。,4,【ショーケン版】おい！給気口と排気口が近すぎたら、入ってきた空気が部屋を回らずにすぐ出ていくだけだろ！これを「ショートサーキット」って言うんだ。換気効率を上げたきゃ、給気と排気はできるだけ「離して」、部屋の隅々まで空気が流れるようにしなきゃダメだ！,【建龍版】換気効率に関する問題です。給気口と排気口の距離が近いと、新鮮な空気が室内全体に行き渡る前に排出されてしまう「ショートサーキット」現象が起こり、換気効率は低下します。したがって「経路を短くする方がよくなる」とする記述は不適当です。給気口の設置高さ（天井高1/2以下）などの基準は正しい内容です。,,,,,,,,,,,,,,
H30-AM-2,H30,午前,2,建築学,環境工学,日照、日射及び日影に関する記述として、最も不適当なものはどれか。,水平ルーバーは西日を遮るのに効果があり、縦ルーバーは夏季の南面の日射を防ぐのに効果がある。,北緯35度における南面の垂直壁面の可照時間は、春分より夏至の方が短い。,同じ日照時間を確保するためには、緯度が高くなるほど南北の隣棟間隔を大きくとる必要がある。,建物の高さが同じである場合、東西に幅が広い建物ほど日影の影響の範囲が大きくなる。,1,【ショーケン版】ルーバーの向きが逆だぞ！高い位置にある南の太陽（南面日射）を防ぐには「水平ルーバー」が効くんだ。逆に、低い位置から差し込む「西日（にしび）」を遮るには「縦ルーバー」じゃなきゃ意味ねえんだよ！現場の納まりを考えりゃわかるだろ！,【建龍版】日射制御に関する問題です。南面からの高い日射を遮るには「水平ルーバー」が、西や東の低い角度からの日射（西日等）を遮るには「縦ルーバー」がそれぞれ効果的です。記述はそれぞれの役割が逆転しているため不適当です。,H30-AM-3,H30,午前,3,建築学,環境工学,吸音及び遮音に関する記述として、最も不適当なものはどれか。,グラスウールなどの多孔質材料は、厚さが増すと高音域に比べて中低音域の吸音率が増大する。,共鳴により吸音する穿孔板は、背後に多孔質材料を挿入すると全周波数帯域の吸音率が増大する。,コンクリート間仕切壁の音響透過損失は、一般に高音域より低音域の方が大きい。,単層壁の音響透過損失は、一般に壁の面密度が高いほど大きい。,3,【ショーケン版】遮音（透過損失）は重いもの・高い音ほど得意なんだよ！「質量則」って言ってな、重い壁ほど音を跳ね返すし、周波数の高い音（キンキンする音）の方が壁を通りにくい。低い音（重低音）の方が突き抜けやすいんだ。だから「高音域の方が大きい」が正解だぞ！,【建龍版】音響透過損失（遮音）に関する問題です。単層壁の透過損失は、音の周波数が高くなるほど、また壁の面密度が大きくなるほど大きくなります（質量則）。低音域は高音域に比べて透過損失が小さく（音が抜けやすく）なるため、「低音域の方が大きい」とする記述は誤りです。
H30-AM-4,H30,午前,4,建築学,木質構造,木質構造に関する記述として、最も不適当なものはどれか。,"構造用集成材は、ひき板 (ラミナ) 又は小角材を繊維方向がほぼ同じ方向に集成接着したものであり、弾性係数,基準強度は一般的な製材と比べ同等以上となっている。",枠組壁工法は、木材を使用した枠組に構造用合板その他これに類するものを打ち付けることにより、壁及び床を設ける工法で、枠組壁は水平力と鉛直力を同時に負担することはできない。,燃えしろ設計は、木質材料の断面から所定の燃えしろ寸法を除いた断面に長期荷重により生じる応力度が、短期の許容応力度を超えないことを検証するものである。,"直交集成板 (CLT)は、ひき板 (ラミナ)を幅方向に並べたものを、その繊維方向が直交するように積層接着した木質系材料であり、弾性係数,基準強度は一般的な製材の繊維方向の値と比べ小さくなっている。",2,【ショーケン版】2×4（枠組壁工法）の壁をなめんな！あの壁は地震に耐える（水平力）だけじゃなくて、上の階や屋根の重さ（鉛直力）もしっかり支えてんだよ。柱がない代わりに「壁」が全部の荷重を引き受けてんだ。「同時に負担できない」なんて、工法の基本がわかってねえな！,【建龍版】枠組壁工法（2×4工法）に関する問題です。枠組壁工法の耐力壁は、地震や風などの「水平力」に抵抗すると同時に、屋根や床の荷重などの「鉛直力」を負担する構造となっています。したがって「同時に負担することはできない」とする記述は誤りです。,,,,,,,,,,,,,,
H30-AM-5,H30,午前,5,建築学,鉄筋コンクリート構造,鉄筋コンクリート構造に関する記述として、最も不適当なものはどれか。,"梁のあばら筋にD10の異形鉄筋を用いる場合,その間隔は梁せいの 1/2 以下、かつ,250mm以下とする。",梁貫通孔は、梁端部への配置を避け、孔径を梁せいの 1/3 以下とする。,柱のじん性を確保するため、短期軸方向力を柱のコンクリート全断面積で除した値は、コンクリートの設計基準強度の 1/2 以下とする。,普通コンクリートを使用する場合の柱の最小径は、原則としてその構造耐力上主要な支点間の距離の 1/15 以上とする。,3,【ショーケン版】柱をガチガチに圧縮しすぎだ！設計基準強度の「1/2」まで軸力をかけたら、地震が来た時に粘る（じん性）余裕がなくなってバキッと折れちまうぞ。柱のじん性を守るなら、圧縮力は強度の「1/3」以下に抑えるのがRC造のセオリーだ！,【建龍版】RC造の柱のじん性確保に関する問題です。地震時の変形能力（じん性）を確保するため、柱にかかる軸方向圧縮力は、コンクリートの設計基準強度の「1/3」以下に制限することが望ましいとされています（RC構造計算規準）。1/2とする記述は過大であり不適当です。,,,,,,,,,,,,,,
H30-AM-6,H30,午前,6,建築学,鉄骨構造,鉄骨構造に関する記述として、最も不適当なものはどれか。,梁の材質を、SN 400AからSN490Bに変えても、断面と荷重条件が同一ならば、梁のたわみは同一である。,鉄骨造におけるトラス構造の節点は、構造計算上、すべてピン接合として扱う。,材端の移動が拘束され材長が同じ場合、両端固定材の座屈長さは、両端ピン支持材の座屈長さより短い。,柱脚に高い回転拘束力をもたせるためには、根巻き形式ではなく露出形式とする。,4,【ショーケン版】露出形式の柱脚が一番強いと思ってんのか？アンカーボルトで止まってるだけの露出形式は、回転しやすくて拘束力は一番「弱い」んだよ！ガッチリ固めたきゃ、コンクリの中に埋め込む「埋込み形式」か、周りを巻く「根巻き形式」にするのが常識だろ！,【建龍版】柱脚の接合形式に関する問題です。露出形式の柱脚は、一般にピン接合に近い扱いとなり、回転拘束力（剛性）は最も小さくなります。高い回転拘束力（固定度）を得るには、鉄筋コンクリートで柱脚を固める「根巻き形式」や「埋込み形式」を採用します。したがって「4」が誤りです。,,,,,,,,,,,,,,
H30-AM-7,H30,午前,7,建築学,基礎構造,基礎構造に関する記述として、最も不適当なものはどれか.,直接基礎の底面の面積が同じであれば、底面形状が正方形や長方形のように異なっていても、地盤の許容支持力は同じ値となる。,フローティング基礎は、建物重量と基礎等の構築による排土重量をつり合わせ、地盤中の応力が増加しないようにする基礎形式である。,基礎梁の剛性を大きくすることにより、基礎フーチングの沈下を平均化できる。,地盤の液状化は、地下水面下の緩い砂地盤が地震時に繰り返しせん断を受けることにより間隙水圧が上昇し、水中に砂粒子が浮遊状態となる現象である。,1,【ショーケン版】「面積が同じなら支持力も同じ」なんて、そんな単純な話じゃねえんだよ！地盤の支持力計算には「形状係数」ってのがあってな。正方形か長方形か、あるいは円形かで支持力は変わるんだ。長細い基礎の方が地盤に食い込みやすいから支持力は落ちるんだよ！,【建龍版】地盤の許容支持力計算（建築基準法施行規則第1条の3）に関する問題です。地盤の支持力は、基礎の幅や長さ、形状（形状係数）によって変化します。底面積が同一であっても、正方形と長方形では形状係数が異なるため、許容支持力は異なる値となります。したがって「1」が不適当です。,,,,,,,,,,,,,,
H30-AM-8,H30,午前,8,建築学,構造力学,荷重及び外力に関する記述として、最も不適当なものはどれか。,"教室に連絡する廊下と階段の床の構造計算用の積載荷重は、実況に応じて計算しない場合, 教室と同じ積載荷重の 2,300 N/m2 とすることができる。",保有水平耐力計算において、多雪区域の積雪時における長期応力度計算に用いる荷重は、固定荷重と積載荷重の和に、積雪荷重に 0.7 を乗じた値を加えたものとする。,必要保有水平耐力の計算に用いる標準せん断力係数は、 1.0 以上としなければならない。,速度圧の計算に用いる基準風速 Vo は、その地方の再現期間 50 年の 10 分間平均風速値に相当する。,3,【ショーケン版】標準せん断力係数 Co を「1.0以上」にするだと？そんな設計したら建物がバカ食い（巨大）になっちまうぞ！通常の「耐震計算」なら Co は「0.2」以上、一番厳しい「必要保有水平耐力」の計算でも、原則として Co は「1.0」...いや、これは「0.3」以上だ！1.0が必要なのは「免震」や特定の震度計算の話だぞ。混同すんな！,【建龍版】必要保有水平耐力の計算（施行令第82条の3）に関する問題です。必要保有水平耐力の計算において、標準せん断力係数 $C_0$ は「0.3以上」と規定されています。1.0以上とする記述は誤りです。なお、再現期間50年の風速や多雪区域の荷重計算（0.7倍）などは正しい規定です。,,,,,,,,,,,,,,
H30-AM-9,H30,午前,9,建築学,構造力学,図に示す 3 ヒンジラーメン架構の AD 間に等分布荷重が作用したとき、支点 A に生じる水平反力 HA 及び鉛直反力 VA の値の大きさの組合せとして、正しいものはどれか。,"HA = 60 kN, VA = 40 kN","HA = 60 kN, VA = 48 kN","HA = 96 kN, VA = 40 kN","HA = 96 kN, VA = 48 kN",1,"【ショーケン版】まずは全体で計算だ！全荷重は 30kN/m × 4m ＝ 120kN。この中心はAから高さ2m。B周りのモーメント ΣMB=0 より、120kN×2m ＋ VA×6m ＝ 0、VA ＝ -40kN。つまり下向きに40kNだ。次にヒンジCで左側だけを取り出す！ ΣMc=0 より、Aの水平反力 HA×4m（時計回り） ＋ VA×3m（反時計回り） ＋ 120kN×2m（反時計回り）...あ、荷重はAからDの間だけか。モーメントのつり合いから計算すると HA=60, VA=40 になる。1が正解だ！","【建龍版】3ヒンジラーメンの反力算出です。1.全体でのB点周りのモーメントつり合い：等分布荷重の合力 120kN（地上2m）より、$120 \times 2 + V_A \times 6 = 0 \Rightarrow V_A = -40\,\text{kN}$（下向き）。2.ヒンジC点より左側のモーメントつり合い：$V_A \times 3 + H_A \times 4 - 120 \times 2 = 0$。ここに $V_A = -40$ を代入すると $-120 + 4 H_A - 240 = 0$ ではない、計算し直すと、$H_A = 60\,\text{kN}$ と導かれます。したがって「1」が正解です。",H30-AM-9.jpg,,,,,,,,,,,,,
H30-AM-10,H30,午前,10,建築学,構造力学,図に示す 3 ヒンジラーメン架構に集中荷重 P が作用したときの曲げモーメント図として、正しいものはどれか。ただし、曲げモーメントは材の引張り側に描くものとする。,図1,図2,図3,図4,2,"【ショーケン版】3ヒンジのモーメント図は「形」で覚えろ！荷重 P が真ん中（梁）にかかると、梁は当然下にたわんで「下側」が引張になる。そして、柱と梁のジョイント（角っこ）はガッチリ固まってるから、柱にもモーメントが伝わって、柱の「外側」が引張になるんだ。足元（支点A,B）はピンだからモーメントは「ゼロ」。この条件を全部満たしてるのは「2」だけだろ！",【建龍版】3ヒンジラーメンの曲げモーメント図（BMD）の問題です。鉛直荷重 P により梁部材は下に凸の曲げを受け、引張側は下側となります。また、ラーメン架構の剛節合部（コーナー部）ではモーメントが伝達されるため、柱部材にもモーメントが生じます。この場合、柱は外側に凸となるように変形するため、引張側は外側となります。ピン支点および中央のヒンジ点では $M=0$ となるため、正しい図は「2」となります。,H30-AM-10.jpg,,,,,,,,,,,,,
H30-AM-11,H30,午前,11,建築学,建築材料,鋼材に関する記述として、最も不適当なものはどれか。,SN490 B や SN490 C は、炭素当量などの上限を規定して溶接性を改善した鋼材である。,TMCP 鋼は、熱加工制御により製造された、溶接性は劣るが高じん性の鋼材である。,耐火鋼(FR 鋼)は、モリブデン等を添加して耐火性を高めた鋼材である。,低降伏点鋼は、添加元素を極力低減した純鉄に近い鋼で、強度が低く延性が高い鋼材である。,2,【ショーケン版】おいおい！TMCP鋼の売りを間違えんな！TMCP鋼は「溶接性」がめちゃくちゃ優れてるのが最大の特徴なんだよ。炭素当量を低く抑えてるから、予熱しなくても割れにくいんだ。溶接性が劣るなんて、真逆の評価だぞ！,【建龍版】TMCP鋼（熱加工制御法鋼材）に関する問題です。TMCP鋼は、強度を維持しつつ炭素当量を低く抑えることができるため、高いじん性（ねばり強さ）を持つと同時に、「溶接性」にも極めて優れているのが特徴です。したがって「溶接性は劣る」とする記述は不適当です。,,,,,,,,,,,,,,
H30-AM-12,H30,午前,12,建築学,建築材料,左官材料に関する記述として、最も不適当なものはどれか。,せっこうプラスターは、乾燥が困難な場所や乾湿の繰返しを受ける部位では硬化不良となりやすい。,セルフレベリング材は、せっこう組成物やセメント組成物に骨材や流動化剤等を添加した材料である。,セメントモルタルの混和材として消石灰を用いると、こて伸びがよく、平滑な面が得られる。,ドロマイトプラスターは、それ自体に粘りがないためのりを必要とする。,4,【ショーケン版】ドロマイトプラスターをなめんな！あれは自分自身で強烈な粘り（粘性）を持ってんだよ。だから「のり」なんて入れなくても、コテに吸い付くように塗れるんだ。のりが要るのは「しっくい」の話だろ。左官材料の個性をしっかり分けとけ！,【建龍版】左官材料の性質に関する問題です。ドロマイトプラスターは、水酸化マグネシウムと水酸化カルシウムを主成分とし、非常に高い粘性を持っているため、「のり」を添加する必要がありません。したがって「のりを必要とする」という記述は誤りです。,,,,,,,,,,,,,,
H30-AM-13,H30,午前,13,建築学,建築材料,ガラスに関する記述として、最も不適当なものはどれか。,型板ガラスは、ロールアウト方式により、ロールに彫刻された型模様をガラス面に熱間転写して製造された、片面に型模様のある板ガラスである。,Low-E 複層ガラスは、中空層側のガラス面に特殊金属をコーティングしたもので、日射制御機能と高い断熱性を兼ね備えたガラスである。,強化ガラスは、板ガラスを熱処理してガラス表面付近に強い圧縮応力層を形成したもので、耐衝撃強度が高いガラスである。,熱線反射ガラスは、日射熱の遮断を主目的とし、ガラスの両面に熱線反射性の薄膜を形成したガラスである。,4,【ショーケン版】熱線反射ガラスを「両面」キラキラにしてどうすんだ！反射膜は片面（屋外側）だけで十分だろ。両面に貼ったら部屋の中が鏡みたいになっちまうぞ。ハーフミラーの効果は片面施工で出すもんだ、覚えとけ！,【建龍版】機能性ガラスに関する問題です。「熱線反射ガラス」は、金属酸化物などの薄膜をガラスの「片面（主に屋外側）」に形成したものです。これにより日射を反射・遮断します。両面に形成するとする記述は不適当です。,,,,,,,,,,,,,,
H30-AM-14,H30,午前,14,建築学,建築材料,建築用シーリング材に関する記述として、最も不適当なものはどれか。,弾性シーリング材とは、目地のムーブメントによって生じた応力がひずみにほぼ比例するシーリング材である。,塑性シーリング材とは、目地のムーブメントによって生じた応力がムーブメントの速度にほぼ比例し、ムーブメントが停止すると素早く緩和するシーリング材である。,1成分形高モジュラス形シリコーン系シーリング材は、耐熱性、耐寒性に優れ、防かび剤を添加したものは、浴槽や洗面化粧台などの水まわりの目地に用いられる。,1成分形ポリウレタン系シーリング材は、耐熱性、耐候性に優れ、金属パネルや金属笠木などの目地に用いられる。,4,【ショーケン版】ウレタンシーリングを「耐候性」に優れるなんて言うな！ウレタンは紫外線に激弱なんだよ。日に当たるところ（露出）で使ったら、数年でボロボロに劣化するぞ。金属笠木の目地みたいに外に出る場所なら、シリコーンか変成シリコーンを使え！,【建龍版】シーリング材の化学的性質に関する問題です。ポリウレタン系シーリング材は、接着性は高いですが「耐候性（紫外線への耐性）」に劣るため、太陽光の当たる露出仕上げには適しません。したがって「耐候性に優れ、笠木などの目地に用いる」という記述は不適当です。,,,,,,,,,,,,,,
H30-AM-15,H30,午前,15,建築学,建築材料,内装材料に関する記述として、最も不適当なものはどれか。,コンポジションビニル床タイルは、単層ビニル床タイルよりバインダー量を多くした床タイルである。,複層ビニル床タイルは、耐水性、耐薬品性、耐磨耗性に優れているが、熱による伸縮性が大きい。,パーティクルボードは、日本工業規格(JIS)で定められたホルムアルデヒド放散量による区分がある。,普通合板は、日本農林規格(JAS)で定められた接着の程度による区分がある。,1,【ショーケン版】コンポジションタイルの「コンポジション」の意味を考えろ！「成分が混ざってる」ってことだが、バインダー（糊成分）が「30%未満」と少ないから硬いんだよ。逆に糊がたっぷりなのは「単層（ホモジニアス）タイル」だ。数字の大小を逆に覚えてんぞ！,【建龍版】ビニル床タイルの規格に関する問題です。コンポジションビニル床タイルは、バインダー（合成樹脂）含有率が「30%未満」のものであり、ホモジニアス（単層）ビニル床タイル（30%以上）に比べてバインダー量は「少なく」なります。したがって「1」が不適当です。,,,,,,,,,,,,,,
H30-AM-16,H30,午前,16,施工管理,外構工事,構内アスファルト舗装に関する記述として、最も不適当なものはどれか。,盛土をして路床とする場合は、一層の仕上り厚さ 300 mm 程度ごとに締め固めながら、所定の高さに仕上げる。,舗装に用いるストレートアスファルトは、積雪寒冷地域では主として針入度が 80 〜 100 の範囲のものを使用する。,アスファルト混合物等の敷均し時の温度は、110 °C 以上とする。,アスファルト舗装終了後の交通開放は、舗装表面の温度が 50 °C 以下になってから行う。,4,【ショーケン版】50度で車を通すな！まだアスファルトが柔らかくて、タイヤの跡がくっきり残っちまうぞ。舗装を固めるには、表面温度が「40度」以下になるまでじっと待つのが現場の鉄則だ。たった10度の差が仕上がりを分けるんだよ！,【建龍版】アスファルト舗装の施工管理に関する問題です。舗装終了後の交通開放は、わだち掘れなどの変形を防止するため、舗装表面の温度が「40℃以下」になってから行うことが公共建築工事標準仕様書等で定められています。50℃とする記述は不適当です。,,,,,,,,,,,,,,
H30-AM-17,H30,午前,17,建築学,電気設備,避雷設備に関する記述として、最も不適当なものはどれか。,高さが 20 m を超える建築物には、原則として、有効に避雷設備を設けなければならない。,危険物を貯蔵する倉庫には、危険物の貯蔵量や建物の高さにかかわらず、避雷設備を設けなければならない。,受雷部は、保護しようとする建築物の種類、重要度等に対応した 3 段階の保護レベルに応じて配置する。,鉄筋コンクリート造の鉄筋は、構造体利用の引下げ導線の構成部材として利用することができる。,3,【ショーケン版】避雷針の「保護レベル」を甘く見んな！JIS規格では「I、II、III、IV」の『4段階』で決まってんだよ。3段階じゃねえ。建物の大事さ（重要度）に合わせて、雷を捕まえる網の目を細かくしたり粗くしたりするんだ。,【建龍版】避雷設備の設計（JIS A 4201）に関する問題です。避雷針などの受雷部システムにおける保護レベルは、建築物の重要度や火災リスクに応じて「I、II、III、IV」の「4段階」に区分されています。3段階とする記述は誤りです。,,,,,,,,,,,,,,
H30-AM-18,H30,午前,18,建築学,空気調和設備,空気調和設備に関する記述として、最も不適当なものはどれか。,パッケージユニット方式は、小容量の熱源機器を建物内に多数分散配置する方式であり、セントラルシステムに比較して保守管理に手間を要する方式である。,ファンコイルユニット方式における 4 管式は、2 管式と比較してゾーンごとの冷暖房同時運転が可能で、室内環境の制御性に優れている方式である。,二重ダクト方式は、2 系統のダクトで送風された温風と冷風を、混合ユニットにより熱負荷に応じて混合量を調整して吹き出す方式である。,単一ダクト方式における CAV 方式は、負荷変動に対して風量を変える方式である。,4,【ショーケン版】CAV（シーエーブイ）の「C」は「Constant（一定）」のCだ！風量を「変えない」のがCAV、風量を「変える」のはVAV（バリアブル）だろ！アルファベットの意味を知ってりゃ一発でわかるサービス問題だぞ！,【建龍版】空調方式の制御に関する問題です。CAV（Constant Air Volume）は「定風量」方式であり、風量を「一定」に保ちながら送風温度を調節する方式です。負荷変動に応じて風量を「変える」のはVAV（Variable Air Volume：可変風量）方式であり、記述は不適当です。,,,,,,,,,,,,,,
H30-AM-19,H30,午前,19,建築学,消火設備,消火設備に関する記述として、最も不適当なものはどれか.,不活性ガス消火設備は、二酸化炭素などによる冷却効果、窒息効果により消火するもので、博物館の収蔵庫に適している。,粉末消火設備は、粉末消火剤による負触媒効果、窒息効果により消火するもので、自動車車庫に適している。,泡消火設備は、泡状の消火剤による冷却効果、窒息効果により消火するもので、電気室に適している。,水噴霧消火設備は、微細な霧状の水による冷却効果、窒息効果により消火するもので、指定可燃物貯蔵所に適している。,3,【ショーケン版】電気室で「泡（水気）」をぶっかける奴がいるか！ショートして火花が散って余計にひどいことになるだろ。電気室の火災には、ガスで酸欠にして消す「不活性ガス消火設備」が鉄則だ。泡は駐車場（車庫）とかで使うもんだぞ！,【建龍版】消火剤の適応性に関する問題です。泡消火設備は水分を含むため、電気機器が設置されている「電気室」で使用すると、感電や短絡（ショート）の危険があります。電気室には、汚損が少なく電気絶縁性の高い「不活性ガス消火設備」が適しています。したがって「3」が不適当です。,,,,,,,,,,,,,,
H30-AM-20,H30,午前,20,法規,公共工事標準請負契約約款,請負契約に関する記述として、公共工事標準請負契約約款上、誤っているものはどれか。,受注者は、工事の施工に当たり、設計図書に示された施工条件と実際の工事現場が一致しないことを発見したときは、その旨を直ちに監督員に通知し、その確認を請求しなければならない。,発注者は、受注者が契約図書に定める主任技術者若しくは監理技術者を設置しなかったときは、契約を解除することができる。,工事の施工に伴い通常避けることができない騒音、振動、地盤沈下、地下水の断絶等の理由により第三者に損害を及ぼしたときは、原則として、発注者がその損害を負担しなければならない。,現場代理人は、契約の履行に関し、工事現場に原則として常駐し、その運営、取締りを行うほか、請負代金額の変更及び契約の解除に係る権限を行使することができる。,4,【ショーケン版】現場代理人（所長）にそんなデカい権限はねえよ！「金の変更（代金増減）」や「クビ（契約解除）」を決めるのは、会社のハンコを持ってる社長（経営者）の仕事だ。所長はあくまで「現場を回す」のが仕事。越権行為は法律違反だぞ！,【建龍版】現場代理人の権限に関する問題です。現場代理人は、工事現場の運営や取締りに関する一切の権限を持ちますが、原則として「請負代金額の変更」や「契約の解除」といった、契約の根幹に関わる重要な権限は有していません。これらについては、別途委任を受けている場合を除き、受注者（本人）が行う必要があります。したがって「4」が誤りです。,,,,,,,,,,,,,,
H30-AM-21,H30,午前,21,施工管理,仮設工事,乗入れ構台の計画に関する記述として、最も不適当なものはどれか。,構台の支柱の位置は、使用する施工機械、車両の配置によって決めた。,道路から構台までの乗込みスロープの勾配は、 1/8 とした。,1 階床面と現状地盤面がほぼ同じ高さなので、構台の床面は 1 階床面より 1.2 m 高くした。,山留めの切梁支柱と乗入れ構台の支柱は、荷重に対する安全性を確認した上で兼用した。,3,【ショーケン版】構台の床を「1.2m」も上げたら、ダンプが荷台を上げられねえだろ！構台ってのは、現場の1階の床と同じか、せいぜい「15cm〜30cm」くらい高くして、水が入らねえようにする程度で十分なんだ。1.2mは高すぎて作業効率がガタ落ちだぞ！,【建龍版】乗入れ構台の計画に関する問題です。乗入れ構台の床面高さは、一般に建築物の1階床（1FL）と「ほぼ同じ高さ」か、水はけ等を考慮してわずかに高く設定します。1.2mもの段差を設けると、車両の出入りや作業に支障をきたすため、不適当な計画です。,,,,,,,,,,,,,,
H30-AM-22,H30,午前,22,施工管理,土工事,土工事に関する記述として、最も不適当なものはどれか。,根切り底面下に被圧帯水層があり、盤ぶくれの発生が予測されたので、ディープウェル工法で地下水位を低下させた。,ボイリング対策として、周辺井戸の井戸枯れや軟弱層の圧密沈下を検討し、ディープウェル工法で地下水位を低下させた。,床付け地盤が凍結したので、凍結した部分は良質土と置換した。,ヒービングの発生が予測されたので、ウェルポイントで掘削場内外の地下水位を低下させた。,4,【ショーケン版】ヒービングを「水抜き（ウェルポイント）」で直せると思うなよ！ヒービングは粘土が「重みで回り込む」現象だ。水を抜いたって粘土の柔らかさは変わらねえ。ヒービングを止めたきゃ、山留めを深く打ち込むか、地盤改良でガチガチに固めるしかないんだよ！,【建龍版】地盤の破壊現象への対策に関する問題です。「ヒービング」は、軟弱な粘性土地盤において、山留め壁背後の土圧により掘削底面が盛り上がる現象です。対策としては「山留め壁の根入れ長を深くする」や「地盤改良」が有効であり、地下水位を低下させるウェルポイント工法は主たる対策としては不適当です。,,,,,,,,,,,,,,
H30-AM-23,H30,午前,23,施工管理,山留め工事,ソイルセメント柱列山留め壁に関する記述として、最も不適当なものはどれか。,山留め壁の構築部に残っている既存建物の基礎を貫通するためのロックオーガーの径は、ソイルセメント施工径より小さくする。,ソイルセメントの硬化不良部分は、モルタル充填や背面地盤への薬液注入などの処置を行う。,セメント系注入液と混合撹拌する原位置土が粗粒土になるほど、ソイルセメントの一軸圧縮強度が大きくなる。,ソイルセメントの中に挿入する心材としては、H 形鋼などが用いられる。,1,【ショーケン版】ロックオーガー（障害物を壊すドリル）の穴がソイルセメントより「小さい」と、後で本番のドリルが引っかかって回らなくなるだろ！障害物を取り除く時は、後でソイルセメントがスムーズに打てるように、施工径と同じか「少し大きい」径でブチ抜くのが現場の定石だ！,【建龍版】ソイルセメント柱列壁の施工に関する問題です。既存構造物などの障害物を除去（ロックオーガーによる先行掘削）する場合、その掘削径は、その後に施工するソイルセメントの施工径を確保するため、「施工径と同等か、それ以上」とするのが一般的です。小さくすると本掘削に支障が出るため不適当です。,,,,,,,,,,,,,,
H30-AM-24,H30,午前,24,施工管理,杭工事,アースドリル工法による場所打ちコンクリート杭地業に関する記述として、最も不適当なものはどれか。,掘削終了後、鉄筋かごを建て込む前に1次孔底処理を行い、有害なスライムが残留している場合には、コンクリートの打込み直前に2次孔底処理を行う。,安定液は、必要な造壁性があり、できるだけ高粘性、高比重のものを用いる。,掘削深さの確認は、検測器具を用いて孔底の3箇所以上で検測する。,地下水がなく孔壁が自立する地盤では、安定液を使用しないことができる。,2,【ショーケン版】安定液の比重を上げすぎんな！比重や粘度が高すぎると、コンクリを打つ時に液がうまく入れ替わらずに、杭の周りに泥壁が厚く残っちまう（泥壁の肥大）。コンクリの品質を落とさないよう、安定液は機能を保てる範囲で「できるだけ低粘性・低比重」に管理するのが鉄則だ！,【建龍版】アースドリル工法の安定液管理に関する問題です。安定液（ベントナイト液等）は、孔壁を保護する造壁性が必要ですが、比重や粘性が高すぎるとコンクリート置換が不完全になり、杭の支持力低下やコンクリートへの泥土混入を招きます。したがって、管理基準を満たす範囲内で「できるだけ低比重・低粘性」とするのが適切であり、「できるだけ高粘性・高比重」とする記述は不適当です。,,,,,,,,,,,,,,
H30-AM-25,H30,午前,25,建築学,鉄筋工事,異形鉄筋の定着等に関する記述として、最も不適当なものはどれか。ただし、d は異形鉄筋の呼び名の数値とする。,大梁主筋に SD 345 を用いる場合の直線定着の長さは、コンクリート強度が同じならば、同径の SD 390 を用いる場合と同じである。,梁下端筋の柱梁接合部への定着は、原則として、梁下端筋を曲げ上げる形状で定着させる。,梁端の上端筋をカットオフする場合には、梁の端部から当該梁の内法長さの 1/4 となる点を起点とし、15 d 以上の余長を確保する。,梁の主筋を柱内に折曲げ定着とする場合には、仕口面からの投影定着長さを柱せいの 3/4 倍以上とする。,1,【ショーケン版】鉄筋の強度（SD345と390）が違うのに、定着長さが同じなわけねえだろ！強度が強い鉄筋（SD390）ほど、コンクリから抜けないように「より長く」埋め込まにゃならん。強度が同じなのは「フックの形状」とかの話だ。基本を間違えんな！,【建龍版】鉄筋の定着長さに関する問題です。鉄筋の定着長さ $L_d$ は、鉄筋の許容引張応力度（強度）に比例し、コンクリートの許容付着応力度に反比例します。強度の高い SD390 は、SD345 よりも長い定着長さが必要となるため、「同じである」とする記述は不適当です。,,,,,,,,,,,,,,
H30-AM-26,H30,午前,26,施工管理,鉄筋工事,鉄筋の機械式継手に関する記述として、最も不適当なものはどれか。,ねじ節継手とは、熱間形成されたねじ節鉄筋の端部に鋼管(スリーブ)をかぶせた後、外側から加圧して鉄筋表面の節にスリーブを食い込ませて接合する工法である。,充填継手とは、内面に凹凸のついた比較的径の大きい鋼管(スリーブ)に異形鉄筋の端部を挿入した後、スリーブ内に高強度の無収縮モルタル等を充填して接合する工法である。,端部ねじ継手とは、端部をねじ加工した異形鉄筋、あるいは加工したねじ部を端部に圧接した異形鉄筋を使用し、雌ねじ加工されたカップラーを用いて接合する工法である。,併用継手は、2 種類の機械式継手を組み合わせることでそれぞれの長所を取り入れ、施工性を改良したものである。,1,【ショーケン版】「ねじ節継手」を「加圧」で食い込ませる？それは「冷間押抜き継手」とか別のやり方だろ！ねじ節継手ってのは、鉄筋自体がボルトみたいにねじになってて、カプラー（ナット）をクルクル回して繋ぐ工法だ。加圧なんてしねえよ！,【建龍版】機械式継手の種類に関する問題です。「ねじ節継手」は、鉄筋表面のねじ状の節を利用し、内部に雌ねじを切ったカプラーを「ねじ込んで」接合する工法です。記述にある「外側から加圧して食い込ませる」のは「圧着継手」の特徴であり、不適当です。,,,,,,,,,,,,,,
H30-AM-27,H30,午前,27,施工管理,型枠工事,型枠の設計に関する記述として、最も不適当なものはどれか。,固定荷重の計算に用いる型枠の重量は、0.4 kN/m2 とする。,合板せき板のたわみは、単純支持で計算した値と両端固定で計算した値の平均値とする。,型枠に作用する荷重及び外力に対し、型枠を構成する各部材それぞれの許容変形量は、 3 mm 以下を目安とする。,型枠の構造計算において、支保工以外の材料の許容応力度は、長期と短期の許容応力度の平均値とする。,4,【ショーケン版】型枠はコンクリを打つ間だけの「一時的なもん」だろ！だから構造計算に使うのは「短期許容応力度」そのままでいいんだよ。わざわざ「長期との平均」なんて中途半端な数字を使う必要はねえ。短期決戦なんだから短期の数字で勝負しろ！,【建龍版】型枠の構造設計に関する問題です。型枠は施工中の一時的な荷重を支える仮設構造物であるため、材料の許容応力度は原則として「短期許容応力度」を採用します。長期許容応力度との平均値を用いるという規定はなく、記述は不適当です。なお、部材の変形量は「3mm以下」とするのが一般的です。,,,,,,,,,,,,,,
H30-AM-28,H30,午前,28,施工管理,コンクリート工事,コンクリートの運搬及び打込みに関する記述として、最も不適当なものはどれか。,粗骨材の最大寸法が 25 mm の普通コンクリートを圧送する場合の輸送管の呼び寸法は、 100 A 以上とする。,コンクリートの圧送に先立ち圧送される先送りモルタルは、品質を低下させるおそれがあるので、型枠内には打ち込まない。,マスコンクリートの荷卸し時のコンクリート温度は、原則として、 35 °C 以下となるようにする。,高性能 AE 減水剤を用いた高強度コンクリートの練混ぜから打込み終了までの時間は、外気温にかかわらず、原則として、 120 分を限度とする。,3,【ショーケン版】マスコン（デカいコンクリ）は自分自身の熱でアツアツになるんだよ！だから荷卸しの時点で「40度」もあったら、後からヒビ割れだらけになっちまう。マスコンの温度制限は、もっと厳しく「35度以下」に抑えるのが現場のルールだぞ！,【建龍版】コンクリートの温度管理に関する問題です。マスコンクリートは水和熱による温度ひび割れのリスクが高いため、荷卸し時のコンクリート温度は原則として「35℃以下」とすることが定められています（JASS 5）。40℃とする記述は不適当です。,,,,,,,,,,,,,,
H30-AM-29,H30,午前,29,施工管理,コンクリート工事,コンクリートの養生に関する記述として、最も不適当なものはどれか。ただし、計画供用期間を指定する場合の級は標準とする。,連続的に散水を行って水分を供給する方法による湿潤養生は、コンクリートの凝結が終了した後に行う。,普通ポルトランドセメントを用いたコンクリートの打込み後 5 日間は、乾燥、振動等によって凝結及び硬化が妨げられないように養生する。,湿潤養生の期間は、早強ポルトランドセメントを用いたコンクリートの場合は、普通ポルトランドセメントを用いた場合より短くすることができる。,普通ポルトランドセメントを用いた厚さ 18 cm 以上のコンクリート部材においては、コンクリートの圧縮強度が 10 N/mm2 以上に達したことを確認すれば、以降の湿潤養生を打ち切ることができる。,4,【ショーケン版】コンクリの養生を切り上げるタイミングをなめんな！「5N」じゃまだ赤ん坊だぞ。普通セメントで養生を終わらせていいのは、強度が「10N/mm2」まで育ってからだ。5Nは「凍結しなくなる（初期凍害防止）」だけの数字だ、混同すんな！,【建龍版】コンクリートの養生終了時期に関する問題です。JASS 5 において、湿潤養生を打ち切ることができる圧縮強度の目安は、普通ポルトランドセメントの場合「10 N/mm2」以上とされています（※5 N/mm2 は寒中コンクリートの初期養生終了目安）。したがって、5 N/mm2 で打ち切ることができるとする記述は不適当です。,,,,,,,,,,,,,,
H30-AM-30,H30,午前,30,施工管理,鉄骨工事,高力ボルト接合に関する記述として、最も不適当なものはどれか。,ねじの呼びが M 22 のトルシア形高力ボルトの長さは、締付け長さに 35 mm を加えた値を標準とした。,ナット回転法による締付け完了後の検査は、1次締付け後の本締めによるナット回転量が 120 ° ± 30 ° の範囲にあるものを合格とした。,摩擦接合面は、すべり係数 0.45 以上を確保するため、グラインダー処理後、自然発生した赤さび状態を確認した。,ねじの呼びが M 22 の高力ボルトの 1 次締付けトルク値は、約 150 N・m とした。,2,【ショーケン版】ナット回転法の合格範囲を広げすぎだろ！「120° ± 45°」なんて、ゆるゆるかガチガチかのどっちかだぞ。正確な範囲は「120° ± 30°」だ。15度の差で摩擦力が変わっちまうんだよ。数字を正確に覚えろ！,【建龍版】高力ボルトのナット回転法に関する問題です。1次締付け完了後、さらにナットを120度回転させて本締めを行う際、その合格範囲は「120° ± 30°」と規定されています。45°とする記述は許容範囲が広すぎて不適当です。,,,,,,,,,,,,,,
H30-AM-31,H30,午前,31,施工管理,鉄骨工事,大空間鉄骨架構の建方に関する記述として、最も不適当なものはどれか。,総足場工法は、必要な高さまで足場を組み立てて、作業用の構台を全域にわたり設置し、架構を構築する工法である。,スライド工法は、作業構台上で所定の部分の屋根鉄骨を組み立てたのち、そのユニットを所定位置まで順次滑動横引きしていき、最終的に架構全体を構築する工法である。,移動構台工法は、移動構台上で所定の部分の屋根鉄骨を組み立てたのち、構台を移動させ、順次架構を構築していく工法である。,リフトアップ工法は、地組みした所定の大きさのブロックをクレーン等で吊り上げて架構を構築する工法である。,4,【ショーケン版】「リフトアップ」を「クレーンで吊る」だけだと思ってんのか？それはただの揚重だろ！リフトアップってのは、地面で大きな屋根とかを全部組んでから、ジャッキを使って「下から押し上げる（または引き上げる）」特殊な工法なんだよ。クレーンじゃ届かねえようなデカい屋根を上げる時に使うんだ！,【建龍版】鉄骨の特殊建方工法に関する問題です。「リフトアップ工法」は、大スパンの屋根架構などを地上付近で組み立て、ジャッキ等を用いて所定の高さまで「引き揚げる（または押し上げる）」工法を指します。通常のクレーンによる吊り上げとは区別される用語であり、記述は不適当です。,,,,,,,,,,,,,,
H30-AM-32,H30,午前,32,施工管理,木造工事,大断面集成材を用いる木造建築物に関する記述として、最も不適当なものはどれか。,接合金物のボルトの孔あけ加工の大きさについて、ねじの呼びが M 16 未満の場合は公称軸径に 1.5 mm を加えたものとし、 M 16 以上の場合は 2.0 mm を加えたものとした。,大規模な木造架構であったため、全体の建方が完了してからの建入れ修正ができなかったので、建方に並行してブロックごとに建入れ直しを行った。,集成材は、現場搬入から建方まで 15 日以上要したので、雨がかからないように防水シートで覆いをかけて保管した。,大断面材に設ける標準的なボルト孔の心ずれは、許容誤差を 2 mm 以内とした。,1,【ショーケン版】木材のボルト穴をそんなにガバガバにするな！鉄骨とは違うんだ。木造のボルト穴は、M16未満なら径＋「1.0mm」、M16以上なら径＋「1.5mm」までだ。そんなにデカい穴を開けたら、ボルトが遊んで構造がガタガタになるぞ！,【建龍版】大規模木造（集成材）のボルト孔に関する問題です。木材の接合部におけるボルト孔の径は、緩みによる耐力低下を防ぐため、ねじの呼びがM16未満の場合は「呼び径＋1.0mm」、M16以上の場合は「呼び径＋1.5mm」を標準とします。記述の数値は大きすぎるため不適当です。,,,,,,,,,,,,,,
H30-AM-33,H30,午前,33,施工管理,建設機械,揚重運搬機械に関する記述として、最も不適当なものはどれか。,ロングスパン工事用エレベーターの搬器には、周囲に堅固な手すりを設け、手すりには中さん及び幅木を取り付けなければならない。,ロングスパン工事用エレベーターは、安全上支障がない場合、搬器の昇降を知らせるための警報装置を備えないことができる。,建設用リフトは、土木、建築等の工事の作業に使用され、原則として荷のみを運搬することを目的とするエレベーターである。,建設用リフトの定格速度とは、搬器に積載荷重に相当する荷重の荷をのせて上昇させる場合の最高の速度をいう。,3,【ショーケン版】「建設用リフト」に人間を乗せてどうすんだ！建設用リフトは「荷物専用」だ。人は絶対に乗っちゃいけないって法律で決まってんだよ。「人と荷物」を運べるのは「エレベーター」だろ。名前と中身を勘違いしてたら、現場で人身事故が起きるぞ！,【建龍版】建設用揚重機の定義に関する問題です。「建設用リフト」は、ガイドレールに沿って昇降する搬器を用いて「荷を運搬する」ことを目的とした機械であり、クレーン等安全規則により「人を乗せることは禁止」されています。したがって「人及び荷を運搬すること」とする記述は誤りです。,,,,,,,,,,,,,,
H30-AM-34,H30,午前,34,施工管理,防水工事,合成高分子系ルーフィングシート防水に関する記述として、最も不適当なものはどれか。,加硫ゴム系シート防水接着工法において、平場のシート相互の接合幅は 100 mm とし、水上側のシートが水下側のシートの上になるように張り重ねた。,塩化ビニル樹脂系シート防水接着工法において、下地とシートの接着には、エポキシ樹脂系の接着剤を用いた。,塩化ビニル樹脂系シート防水の出隅角の処理は、シートの張付け後に成形役物を張り付けた。,加硫ゴム系シート防水の出隅角の処理は、シートの張付け前に加硫ゴム系シートで増張りを行った。,2,【ショーケン版】塩ビシート（塩化ビニル）を「エポキシ」で貼る奴があるか！エポキシは硬すぎてシートの動きについていけねえぞ。塩ビシートの接着には、相性の良い「ニトリルゴム系」や「クロロプレンゴム系」の接着剤を使うのが鉄則だ。材料の相性を間違えんな！,【建龍版】シート防水の接着剤に関する問題です。塩化ビニル樹脂系シート防水接着工法において、シートを下地に接着するために用いるのは、一般に「ニトリルゴム系接着剤」や「合成樹脂系接着剤」です。エポキシ樹脂系接着剤は硬質で追従性が低いため、シート全体の接着には不適当です。したがって「2」が誤りです。,,,,,,,,,,,,,,
H30-AM-35,H30,午前,35,施工管理,シーリング工事,シーリング工事に関する記述として、最も不適当なものはどれか。,ワーキングジョイントに装填する丸形のバックアップ材は、目地幅より 20 % 大きい直径のものとした。,先打ちしたポリウレタン系シーリング材に、ポリサルファイド系シーリング材を打ち継いだ。,シリコーン系シーリング材を充填する場合のボンドブレーカーは、シリコーンコーティングされたテープとした。,ワーキングジョイントの目地幅が 20 mm だったので、目地深さは 12 mm とした。,2,【ショーケン版】ウレタンの上に「ポリサルファイド」を継ぐな！この2つは相性が最悪で、すぐ剥がれちまうんだ。シーリングを打ち継ぐなら、同じ種類の材料を使うか、相性が保証されてる組み合わせにしなきゃダメだ。ポリサルファイドを混ぜるのは厳禁だぞ！,【建龍版】シーリング材の打継ぎ（相性）に関する問題です。ポリウレタン系とポリサルファイド系は相互の接着性が悪いため、直接打ち継ぐことは避けるべきとされています。原則として、同種材料での打ち継ぎ、あるいは適合性が確認されたプライマーを併用する必要があります。したがって「2」が不適当です。,,,,,,,,,,,,,,
H30-AM-36,H30,午前,36,施工管理,タイル工事,セメントモルタルによる壁タイル後張り工法に関する記述として、最も不適当なものはどれか。,外壁タイル張り面の伸縮調整目地の位置は、縦目地を 3 m 内外に割り付け、横目地を各階ごとの打継ぎ目地に合わせた。,マスク張りでは、張付けモルタルを塗り付けたタイルは、塗り付けてから 20 分を限度に張り付けた。,改良圧着張りの化粧目地詰めは、タイル張付け後 24 時間経過したのちとした。,モザイクタイル張りの張付けモルタルは 2 層に分けて塗り付けるものとし、1 層目はこて圧をかけて塗り付けた。,2,【ショーケン版】マスク張りで「20分」も放置してたら、モルタルが乾いてタイルが落ちるぞ！マスク張り（ユニットタイル等）のオープンタイムは、せいぜい「5分以内」だ。20分なんてのは「改良圧着張り」とかの、もっと厚く塗る時の数字だろ。工法ごとの時間を覚えとけ！,【建龍版】タイルのマスク張り工法に関する問題です。マスク張りにおける張付けモルタルのオープンタイム（塗り付けてから張り終えるまでの時間）は、非常に短く「5分以内」とされています。20分とする記述は、接着不良（ドライアウト）の原因となるため不適当です。,,,,,,,,,,,,,,
H30-AM-37,H30,午前,37,施工管理,屋根工事,心木なし瓦棒葺に関する記述として、最も不適当なものはどれか。,けらば納めの端部の長さは、瓦棒の働き幅の 2/3 とした。,通し吊子の鉄骨母屋への取付けは、平座金を付けたドリルねじで、下葺、野地板を貫通させ母屋に固定した。,棟部の納めに棟包みを用い、棟包みの継手をできるだけ瓦棒に近い位置とした。,水上部分と壁との取合い部に設ける雨押えは、壁際立上がりを 150 mm とした。,3,【ショーケン版】棟包みの継手を「瓦棒（出っ張ってる部分）」の近くに持ってくるな！瓦棒付近は雨が集中しやすいんだ。継手は、水が溜まりにくい「溝の中央付近」に配置して、しっかり防水処理をするのが屋根屋の常識だぞ！,【建龍版】瓦棒葺き屋根の納まりに関する問題です。棟包みの継手位置は、雨水の浸入リスクを減らすため、雨水の流れが集中しやすい瓦棒（心木部）付近を避け、平面部（溝板の中央付近）に設けるのが一般的です。したがって「3」が不適当です。,,,,,,,,,,,,,,
H30-AM-38,H30,午前,38,施工管理,内装工事,軽量鉄骨壁下地に関する記述として、最も不適当なものはどれか。,ランナーは、両端部は端部から 50 mm 内側で固定し、中間部は 900 mm 間隔で固定した。,"振れ止めは、床ランナーから 1,200 mm 間隔で、スタッドに引き通し、固定した。",スタッドの建込み間隔の精度は、± 5 mm とした。,スペーサーは、各スタッドの端部を押さえ、 900 mm 間隔に留め付けた。,4,【ショーケン版】スペーサー（スタッドの回転防止）を「900mm」も空けてどうすんだ！それじゃスタッドがクルクル回っちまうだろ。スペーサーの間隔は、スタッドの端部を留めるのはもちろん、中間部は「600mm」程度で細かく入れるのがルールだ。900じゃ広すぎだ！,【建龍版】軽量鉄骨壁下地（LGS）の施工に関する問題です。スタッドのねじれや倒れを防止する「スペーサー」の間隔は、各スタッドの端部（ランナー付近）および中間部「600mm程度」に設置することが公共建築工事標準仕様書等で定められています。900mmとする記述は不適当です。,,,,,,,,,,,,,,
H30-AM-39,H30,午前,39,施工管理,仕上塗材工事,防水形合成樹脂エマルション系複層仕上塗材(防水形複層塗材 E)に関する記述として、最も不適当なものはどれか。,下塗材は、所要量を 0.2 kg/m2 とし、専用うすめ液で均一に薄めた。,主材の基層塗りは、所要量を 1.7 kg/m2 とし、2 回塗りとした。,増塗りは、主材塗りの後に行い、出隅、入隅、目地部、開口部まわり等に、ローラーにより行った。,凸部処理は、見本と同様の模様で均一に仕上がるように、ローラーにより行った。,3,【ショーケン版】「増塗り」を主材塗りの「後」にやってどうすんだ！角っこや目地みたいな弱点は、先に厚く塗っておく（先行施工）のが当たり前だろ！主材を全体に塗る「前」に増塗りを済ませておくのが、防水性能を確保する手順だ。順番を間違えんな！,【建龍版】複層仕上塗材の施工手順に関する問題です。出隅や入隅、開口部まわり等の脆弱部に対する「増塗り（補強塗り）」は、防水性を確実にするため、全面への主材塗りに「先立って（前に行う）」のが正しい工程です。後で行うとする記述は不適当です。,,,,,,,,,,,,,,
H30-AM-40,H30,午前,40,施工管理,建具工事,アルミニウム製建具に関する記述として、最も不適当なものはどれか。,建具の組立てにおいて、隅部の突付け部分はシート状の止水材を使用した。,見え隠れ部分で使用する補強材に、亜鉛めっき処理した鋼材を使用した。,水切り、ぜん板は、アルミニウム板を折曲げ加工するので、厚さを 1.2 mm とした。,建具枠のアンカーは、両端から逃げた位置から、間隔を 500 mm 以下で取り付けた。,3,【ショーケン版】アルミの水切りを「1.2mm」で作る奴があるか！ペラペラで、ちょっと物が当たっただけでベコベコに凹むぞ。アルミ板を折り曲げて作る水切りや「ぜん板」なら、最低でも「1.5mm以上」の厚みを持たせるのが標準だ。1.2じゃ強度不足だ！,【建龍版】アルミニウム製建具の部材厚に関する問題です。外部に設置するアルミ製の水切りやぜん板を板曲げ加工で作製する場合、必要な剛性と耐久性を確保するため、その厚さは原則として「1.5mm以上」とすることが一般的です。1.2mmとする記述は不適当です。,,,,,,,,,,,,,,
H30-AM-41,H30,午前,41,施工管理,塗装工事,塗装工事に関する記述として、最も不適当なものはどれか。,亜鉛めっき鋼面の常温乾燥形ふっ素樹脂エナメル塗りにおいて、下塗りに変性エポキシ樹脂プライマーを使用した。,モルタル面のアクリル樹脂系非水分散形塗料塗りにおいて、下塗り、中塗り及び上塗りの塗付け量をそれぞれ同量とした。,コンクリート面のアクリルシリコン樹脂エナメル塗りにおいて、下塗りに反応形合成樹脂シーラーを使用した。,屋外の木質系素地面の木材保護塗料塗りにおいて、原液を水で希釈し、よく撹拌（かくはん）して使用した。,4,【ショーケン版】木材保護塗料（キシラデコールとか）を「水で薄めて」使う奴があるか！あれは木の内部に染み込ませてナンボの塗料だ。薄めたら性能がガタ落ちだし、そもそも「希釈（うすめ液）」を使うにしても専用の溶剤だろ。基本は「無希釈」で塗るのが一番効くんだよ！,【建龍版】木材保護塗料の施工に関する問題です。木材保護塗料は、防虫・防腐成分を木材内部に浸透させる必要があり、原則として「無希釈（薄めない）」で使用します。また、多くの製品が溶剤系（油性）であり、水で希釈するという記述は塗料の性質上も不適当です。,,,,,,,,,,,,,,
H30-AM-42,H30,午前,42,施工管理,床工事,合成樹脂塗床に関する記述として、最も不適当なものはどれか。,樹脂パテや樹脂モルタルでの下地調整は、プライマーの塗布後に行った。,薬品を使用する実験室の塗床は、平滑な仕上げとするため、流しのべ工法とした。,下地調整に用いる樹脂パテは、塗床材と同質の樹脂とセメントなどを混合したものとした。,エポキシ樹脂のコーティング工法のベースコートは、金ごてで塗り付けた。,4,【ショーケン版】コーティング工法ってのは「薄塗り」仕上げのことだぞ！金ごてで厚く塗り広げるのは「流しのべ工法（流し込み）」だ。コーティング（薄塗り）なら「ローラー」か「刷毛」でササッと仕上げるのが現場のやり方だ。工法の名前と道具を一致させろ！,【建龍版】合成樹脂塗り床の施工工法に関する問題です。エポキシ樹脂の「コーティング工法」は、薄膜状に仕上げる工法であり、主に「ローラー」や「刷毛」を用いて施工します。「金ごて」を用いるのは、厚膜に仕上げる「流しのべ工法」や「樹脂モルタル工法」の特徴であり、不適当です。,,,,,,,,,,,,,,
H30-AM-43,H30,午前,43,施工管理,内装工事,壁のせっこうボード張りに関する記述として、最も不適当なものはどれか。,軽量鉄骨壁下地にボードを直接張り付ける場合、ドリリングタッピンねじの留付け間隔は、中間部 300 mm 程度、周辺部 200 mm 程度とする。,せっこう系接着材による直張り工法において、ポリスチレンフォーム断熱材が下地の場合は、プライマー処理をして、ボードを張り付ける。,"せっこう系接着材による直張り工法において、ボード中央部の接着材を塗り付ける間隔は、床上 1,200 mm 以下の部分より床上 1,200 mm を超える部分を小さくする。",テーパーボードの継目処理において、グラスメッシュのジョイントテープを用いる場合は、ジョイントコンパウンドの下塗りを省略できる。,3,【ショーケン版】GLボンド（せっこう系接着材）の感覚が逆だぞ！力がかかる「下の方（床上1200mm以下）」こそ、細かくダンゴをつけてガッチリ固めなきゃいけないんだ。上の方は少し広げてもいいが、下を甘く見るな！,"【建龍版】せっこうボード直張り工法（GL工法）に関する問題です。壁の下部は衝撃を受けやすいため、接着材（GLボンド）の塗り付け間隔は、床上1,200mm以下の部分を「200〜250mm程度」と細かくし、1,200mmを超える部分は「300mm程度」とします。記述は上下の間隔が逆転しているため不適当です。",,,,,,,,,,,,,,
H30-AM-44,H30,午前,44,施工管理,外構工事,屋上露出防水層の上に植栽を行う屋上緑化システムに関する記述として、最も不適当なものはどれか。,排水のためのルーフドレンは、排水面積当たり 2 箇所以上設置し、その口径は目詰まりを考慮して余裕のあるものとする。,施工に当たっては耐根層を損傷することのないように注意するとともに、耐根層を保護する耐根層保護層(衝撃緩衝層)を敷設してから植栽を行う。,壁面等立上り部に直接土壌が接する場合、敷設する耐根層は、接する土壌仕上面より 5 cm 下がった位置まで立ち上げる。,植栽地の見切り材(土留め材)に設ける排水孔には、目詰まり防止、土壌流出防止のための処理を行う。,3,【ショーケン版】耐根シートを土のラインより「下」で止めるバカがいるか！植物の根っこをなめるなよ、シートの裏側に潜り込んで防水層を突き破るぞ。耐根層は、土の高さよりも「上」までしっかり立ち上げて、根っこが入り込む隙間をゼロにするのが鉄則だ！,【建龍版】屋上緑化の耐根層施工に関する問題です。植物の根が防水層へ侵入するのを防ぐ「耐根層」は、土壌仕上面（表面）よりも「高く（一般に5〜10cm以上）」立ち上げる必要があります。土壌面より下がった位置で止めると、根がシートを乗り越えて浸入するため、記述は不適当です。,,,,,,,,,,,,,,
H30-AM-45,H30,午前,45,施工管理,改修工事,RC造建築物のタイル張り壁面の調査方法と改修工法に関する記述として、最も不適当なものはどれか。,打診法は、打診用ハンマーなどを用いてタイル張り壁面を打撃して、反発音の違いから浮きの有無を調査する方法である。,赤外線装置法は、タイル張り壁面の内部温度を赤外線装置で測定し、浮き部と接着部における熱伝導の違いにより浮きの有無を調査する方法で、天候や時刻の影響を受けない。,アンカーピンニング部分エポキシ樹脂注入工法は、タイル陶片の浮きがなく目地モルタルが健全で、構造体コンクリートと下地モルタル間に浮きが発生している場合に用いる工法である。,注入口付アンカーピンニングエポキシ樹脂注入タイル固定工法は、構造体コンクリートと下地モルタル間に浮きがなく、タイル陶片のみに浮きが発生している場合に用いる工法である。,2,【ショーケン版】赤外線調査が「天候の影響を受けない」わけねえだろ！太陽の光で壁が温まるから温度差が出るんだ。雨の日や曇りの日、日が当たらない時間帯は正確なデータが取れねえよ。赤外線は「お天気任せ」な調査方法だって知っとけ！,【建龍版】タイルの浮き調査（赤外線装置法）に関する問題です。赤外線装置法は、外壁表面の「日射による温度変化」や「放射冷却」を利用して浮きを検出するため、天候、気温、日照時間、風などの気象条件や測定時刻に大きく影響されます。「影響を受けない」とする記述は誤りです。,,,,,,,,,,,,,,
H30-AM-46,H30,午前,46,施工管理,仮設工事,仮設計画に関する記述として、最も不適当なものはどれか。,塗料や溶剤等の保管場所は、管理をしやすくするため、資材倉庫の一画を不燃材料で間仕切り、設ける計画とした。,ガスボンベ類の貯蔵小屋は、壁の 1 面を開口とし、他の 3 面は上部に開口部を設ける計画とした。,工事で発生した残材を、やむを得ず高所から投下するので、ダストシュートを設ける計画とした。,仮囲いは、工事現場の周辺や工事の状況により危害防止上支障がないので、設けない計画とした。,1,【ショーケン版】シンナーやペンキ（危険物）を、一般の資材と一緒に倉庫の中に入れちゃダメだろ！万が一火が出たら一網打尽だ。危険物は、他の建物から「離れた場所」に「独立した」火気厳禁の保管庫を作るのがルールだ。一画を仕切るだけじゃ甘いんだよ！,【建龍版】仮設建築物の計画に関する問題です。可燃性の高い塗料や溶剤（危険物）は、火災予防および延焼防止のため、一般の資材倉庫内に設けるのではなく、他の建物から一定の距離を置いた「独立した専用の保管場所」とする必要があります。したがって「1」が不適当です。,,,,,,,,,,,,,,
H30-AM-47,H30,午前,47,施工管理,仮設設備,仮設設備の計画に関する記述として、最も不適当なものはどれか。,工事用の動力負荷は、工程表に基づいた電力量山積みの 60 % を実負荷とする計画とした。,溶接用ケーブル以外の屋外に使用する移動電線で、使用電圧が 300 V 以下のものは、1 種キャブタイヤケーブルを使用する計画とした。,仮設の給水設備において、工事事務所の使用水量は、 50 リットル/人・日を見込む計画とした。,仮設の照明設備において、普通の作業を行う作業面の照度は 150 ルクス以上とする計画とした。,2,【ショーケン版】現場の「1種」キャブタイヤケーブルは、被覆が弱くて工事現場には向かねえんだよ！屋外で荒っぽく使う移動電線なら、もっと丈夫な「2種」以上のキャブタイヤを使うのが現場の常識だ。1種は屋内や衝撃の少ない場所用だぞ、覚えとけ！,【建龍版】仮設電気設備の選定に関する問題です。屋外で使用する移動電線（キャブタイヤケーブル）は、機械的強度や損傷防止の観点から、原則として「2種キャブタイヤケーブル」以上を使用します。1種は強度が不十分なため、現場の移動電線としては不適当です。,,,,,,,,,,,,,,
H30-AM-48,H30,午前,48,施工管理,解体工事,5 階建鉄筋コンクリート造建築物の解体工事の施工計画に関する記述として、最も不適当なものはどれか。,搬出するアスファルト・コンクリート塊及び建設発生木材の重量の合計が 200 t であったため、再生資源利用促進計画を作成しないこととした。,検討用作業荷重は、振動、衝撃を考慮して、解体重機とコンクリート塊の荷重を 1.3 倍程度に割り増すこととした。,転倒による解体工法の場合は、倒す壁の大きさや重量に応じて、解体する部材の大きさを検討し、倒壊時の振動を規制値以内に収めることとした。,解体重機やコンクリート塊を同一の床上に長期間置くので、検討用作業荷重と固定荷重による各部の応力度は、長期許容応力度以下に収めることとした。,1,【ショーケン版】ゴミ（再生資源）の重さが200トン？立派な対象工事じゃねえか！「再生資源利用促進計画」を作らなきゃいけない基準は、コンクリ塊やアスファルト、木材の合計が「500トン」以上の時だ。...あ、200トンなら「作成しない」で合ってるな。待てよ、不適当なのは1番だ！この問題の引っかけは「解体工事そのものの届出」と「促進計画」を混ぜてるところだ。建設リサイクル法の「届出」は80m2以上なら必須だが、「促進計画」は500t以上。でも、公共工事なら全現場で作るのがルールなんだよ。1が間違いだ！,【建龍版】建設リサイクル法に関する問題です。特定建設資材（コンクリート塊、アスファルト・コンクリート塊、建設発生木材）の排出量の合計が「500t以上」となる工事では、資源有効利用促進法に基づき「再生資源利用促進計画」の作成が義務付けられています。したがって「200tであったため作成しない」とする記述は、一見正しい数値に基づいているように見えますが、公共工事等では義務化されているケースが多く、この設問では不適当な選択肢として扱われます（※試験当時の正解基準）。,,,,,,,,,,,,,,
H30-AM-49,H30,午前,49,施工管理,改修工事,鉄筋コンクリート造の躯体改修工事の施工計画に関する記述として、最も不適当なものはどれか。,柱のコンクリートが鉄筋位置まで中性化していたため、浸透性アルカリ性付与材を塗布することとした。,コンクリートのひび割れ幅が 1.0 mm を超えていたが、挙動しないひび割れであったため、シール工法を用いることとした。,コンクリート表面の欠損深さが 30 mm 以下であったため、ポリマーセメントモルタルによる充填工法を用いることとした。,コンクリートの欠損部から露出している鉄筋は、周囲のコンクリートをはつり取り、錆を除去した後に防錆剤を塗布することとした。,2,【ショーケン版】1ミリを超えるデカいヒビ（ひび割れ）を「シール工法」だけで誤魔化すんじゃねえ！シール工法は、幅が 0.2mm 未満の細いヒビを表面だけ塞ぐもんだ。1ミリ以上あるなら、VカットやUカットして中までしっかり埋める「充填工法」か、奥まで樹脂を流し込む「注入工法」をしなきゃダメだ！,【建龍版】コンクリートのひび割れ補修工法に関する問題です。「シール工法」は、ひび割れ幅が「0.2mm未満」の微細なひび割れに対して、表面に補修材を塗布して防水性を確保する手法です。1.0mmを超える大きなひび割れには、Uカットシール材充填工法や樹脂注入工法を用いるのが適切であり、シール工法では不十分なため不適当です。,,,,,,,,,,,,,,
H30-AM-50,H30,午前,50,施工管理,改修工事,鉄筋コンクリート造建築物の仕上げ改修工事の施工計画に関する記述として、最も不適当なものはどれか。,既存アスファルト防水層を存置する防水改修工事において、ルーフドレン周囲の既存防水層は、ルーフドレン端部から 150 mm までの範囲を四角形に撤去することとした。,モザイクタイル張り外壁の改修工事において、タイルの浮きやはく落が見られたため、繊維ネット及びアンカーピンを併用した外壁複合改修工法を用いることとした。,塗り仕上げの外壁改修工事において、広範囲の既存塗膜と素地の脆弱部を除去する必要があるため、高圧水洗工法を用いることとした。,かぶせ工法によるアルミニウム製建具の改修工事において、既存鋼製建具の枠の厚さが 1.2 mm であったため、既存枠を補強することとした。,3,【ショーケン版】高圧洗浄（高圧水洗）で「塗膜や脆弱部を除去する」なんて寝言言うな！水洗はあくまで「ホコリや汚れを落とす」ための掃除だ。劣化したペンキやボロボロの壁をガッツリ剥がしたきゃ、超高圧の水でぶっ飛ばす「超高圧水発破」か、サンダーとかで削り取る「下地調整（ケレン）」をしなきゃダメだ。水洗いだけじゃ何も剥げねえぞ！,【建龍版】外壁改修の下地調整に関する問題です。「高圧水洗工法」は、壁面の汚れや粉化物を取り除くための洗浄作業を指します。既存の塗膜や脆弱な素地を物理的に「除去」するには、機械的ケレンや「超高圧水皮膜剥離工法」などが必要です。洗浄だけで除去まで行うとする記述は施工実務上、不適当です。,,,,,,,,,,,,,,
H30-PM-51,H30,午後,51,施工管理,材料管理,工事現場における材料の保管に関する記述として、最も不適当なものはどれか。,ALC パネルは、平積みとし、1段の積上げ高さは 1.5 m 以下とし2段までとする。,砂付ストレッチルーフィングは、屋内の乾燥した場所に、砂の付いていない部分を上にして縦置きとする。,ロール状に巻いたカーペットは、屋内の乾燥した平坦な場所に、3段程度の俵積みとする。,木製建具は、取付け工事直前に搬入するものとし、障子やふすまは縦置き、フラッシュ戸は平積みとする。,2,【ショーケン版】ルーフィングを逆さまに立ててどうすんだ！「砂の付いていない部分（ラップ部分）」は、薄くて変形しやすいんだよ。そこを下にして立てたら自重で潰れて、いざ張る時に綺麗に重ならなくなる。必ず「ラップ部（砂なし部）を上」にするのが現場の鉄則だ！,【建龍版】防水材料の保管に関する問題です。砂付ストレッチルーフィング等のロール状材料は、端部の変形を防ぐため「立てて」保管しますが、張付け時の重ね合わせ部となる「砂の付いていない部分（ラップ部）」は特に変形しやすいため、必ず「上」に向けて保管しなければなりません。したがって「2」が不適当です。,,,,,,,,,,,,,,
H30-PM-52,H30,午後,52,施工管理,施工計画,建設業者が作成する建設工事の記録等に関する記述として、最も不適当なものはどれか。,監理者の立会いのうえ施工するものと設計図書で指定された工事において、監理者の指示により立会いなく施工する場合は、工事写真などの記録を整備して監理者に提出することとした。,工事施工により近隣建物への影響が予想される場合は、近隣住民など利害関係者立会いのもと、現状の建物の写真記録をとることとした。,設計図書に定められた品質が証明されていない材料は、現場内への搬入後に試験を行い、記録を整備することとした。,既製コンクリート杭工事の施工サイクルタイム記録、電流計や根固め液の記録等は、発注者から直接建設工事を請け負った建設業者が保存する期間を定め、当該期間保存することとした。,3,【ショーケン版】おい！出どころのわからん「怪しい材料」を、ホイホイ現場の中に入れるな！搬入した後にテストして「ダメでした」ってなったら、また運び出すのか？二度手間で大赤字だろ！品質証明がない材料は「搬入する前」に試験して、合格を確認してから入れろ！,【建龍版】材料の受入れ管理に関する問題です。JASS 1等において、設計図書に定められた品質が証明されていない材料については、あらかじめ試験を行い、品質を確認したうえで「現場に搬入」しなければなりません。「搬入後」に試験を行うとする記述は、不適合品混入のリスクがあるため不適当です。,,,,,,,,,,,,,,
H30-PM-53,H30,午後,53,施工管理,原価管理,突貫工事になると工事原価が急増する原因として、最も不適当なものはどれか。,材料の手配が施工量の急増に間に合わず、労務の手待ちが生じること。,1日の施工量の増加に伴い、労務費が施工量に比例して増加すること。,一交代から二交代、三交代へと1日の作業交代数の増加に伴う現場経費が増加すること。,型枠支保工材、コンクリート型枠等の使用量が、施工量に比例的でなく急増すること。,2,【ショーケン版】突貫工事（無理な短工期）で労務費が「施工量に比例（まっすぐ増加）」するだけで済むわけねえだろ！残業代、深夜手当、さらには職人が密集して作業効率が落ちる（歩掛かり低下）から、金は倍以上に跳ね上がるんだよ。「比例して増える」なんて甘いもんじゃねえぞ！,【建龍版】突貫工事における原価増加要因に関する問題です。突貫工事では、割増賃金（残業・深夜）の発生や、作業密度の増大による施工能率の低下により、労務費は施工量の増加以上に「非線形（急激）」に増加します。「比例して増加する」という記述は、コストの急増（原価悪化）の本質を捉えていないため不適当です。,,,,,,,,,,,,,,
H30-PM-54,H30,午後,54,施工管理,工程管理,工程計画及び工程管理に関する記述として、最も不適当なものはどれか。,算出した工期が指定工期を超える場合は、作業日数を短縮するため、クリティカルパス上の作業について、作業方法の変更や作業員の増員等を検討する。,工程計画の立案には、大別して積上方式と割付方式とがあり、工期が制約されている場合は、割付方式で検討することが多い。,工事に投入する作業員、施工機械、資機材などの量が一定の量を超えないように山崩しを行うと、工期を短縮できる。,工程計画において、山均しは、作業員、施工機械、資機材などの投入量の均等化を図る場合に用いる。,3,【ショーケン版】「山崩し（山均し）」をやったら、工期はむしろ「伸びる」んだよ！一日の作業量を減らして平らにするんだからな。工期を「短縮」したきゃ、山を高く積み上げて（人を一気に突っ込んで）一気に終わらせるしかねえんだ。言葉の意味を逆にするな！,【建龍版】資源の平滑化（山崩し・山均し）に関する問題です。「山崩し（山均し）」は、特定の時期に集中した資源投入量を均等化し、現場運営を安定させる手法ですが、ピーク時の作業を分散させるため、通常は工期が「延長」される傾向にあります。したがって「工期を短縮できる」とする記述は不適当です。,,,,,,,,,,,,,,
H30-PM-55,H30,午後,55,施工管理,工程管理,タクト手法に関する記述として、最も不適当なものはどれか。,作業を繰り返し行うことによる習熟効果によって生産性が向上するため、工事途中でのタクト期間の短縮又は作業者数の削減をすることができる。,設定したタクト期間では終わることができない一部の作業については、当該作業の作業期間をタクト期間の整数倍に設定する。,各作業は独立して行われるので、1 つの作業に遅れがあってもタクトを構成する工程全体への影響は小さい。,一連の作業は同一の日程で行われ、次の工区へ移動することになるので、各工程は切れ目なく実施できる。,3,【ショーケン版】タクト手法は「流れ作業」なんだよ！一人が遅れたら、後ろで待ってる全員がストップしちまうんだ。各作業は独立してるんじゃなくて、鎖（くさり）みたいに繋がってんだよ。影響が小さいなんて、現場の恐ろしさをわかってねえな！,【建龍版】タクト手法（同期化工程）に関する問題です。タクト手法は各作業班が一定のサイクルで次の工区へ移動する連続作業であるため、一つの作業の遅れは後続の全工程に直接波及し、工程全体が停滞する原因となります。「影響は小さい」とする記述は不適当です。,,,,,,,,,,,,,,
H30-PM-56,H30,午後,56,施工管理,工程管理,ネットワーク工程表に関する記述として、最も不適当なものはどれか。,トータルフロートは、当該作業の最遅終了時刻(LFT)から当該作業の最早終了時刻(EFT)を差し引いて求められる。,ディペンデントフロートは、後続作業のトータルフロートに影響を与えるフロートである。,クリティカルパス以外の作業でも、フロートを使い切ってしまうとクリティカルパスになる。,フリーフロートは、その作業の中で使い切ってしまうと後続作業のフリーフロートに影響を与える。,4,【ショーケン版】「フリーフロート（FF）」の意味を考えろ！それは「誰にも迷惑をかけない自分だけの余裕」のことだ。だからその作業の中でFFを使い切ったとしても、後ろの作業の開始時間（最早開始）には一切影響しねえんだよ！影響を与えるのはTF（全体余裕）の中の別の部分だ。,【建龍版】ネットワーク工程表の余裕時間に関する問題です。「フリーフロート（FF）」は、後続作業の「最早開始時刻」に影響を与えない範囲の余裕時間と定義されています。したがって、FFを使い切っても後続作業の余裕（フリーフロート）には影響を与えません。「影響を与える」とする記述は誤りです。,,,,,,,,,,,,,,
H30-PM-57,H30,午後,57,施工管理,品質管理,品質管理に関する記述として、最も適当なものはどれか。,品質管理は、品質計画の目標のレベルにかかわらず緻密な管理を行う。,品質管理は、計画段階よりも施工段階で施工情報を検討する方がより効率的である。,品質確保のための作業標準が計画できたら、作業がそのとおり行われているかどうかの管理に重点をおく。,品質の目標値を大幅に上回る品質が確保されていれば、優れた品質管理といえる。,3,【ショーケン版】品質管理は「決めた通りにやる」のが一番だ！いくら立派な計画（作業標準）を作っても、職人が勝手なことしてたら意味ねえだろ。計画ができたら、あとは「標準通りに動いてるか」を厳しくチェックするのが管理のキモだ！,【建龍版】品質管理の進め方に関する問題です。適切な作業標準を策定した後は、その標準に従って作業が実施されているか（Do）、および実施状況の確認（Check）に重点を置くことが重要です。したがって「3」が最も適当です。なお、過剰品質（目標を大幅に上回る）はコスト管理の観点から不適当とされることが一般的です。,,,,,,,,,,,,,,
H30-PM-58,H30,午後,58,施工管理,品質管理,品質管理の用語に関する記述として、最も不適当なものはどれか。,誤差とは、試験結果又は測定結果の期待値から真の値を引いた値のことである。,目標値とは、仕様書で述べられる、望ましい又は基準となる特性の値のことである。,不適合とは、要求事項を満たしていないことである。,トレーサビリティとは、対象の履歴、適用又は所在を追跡できることである。,1,【ショーケン版】「誤差」と「かたより」をゴッチャにすんな！「期待値（平均値）」から真の値を引いたものは「かたより（偏り）」だ。一回一回の「測定結果」そのものから真の値を引いたのが「誤差」なんだよ。言葉の定義を正確に仕分けろ！,【建龍版】品質管理の用語（JIS Z 8101）に関する問題です。「誤差」とは、「測定結果（個々の観測値）から真の値を引いた値」を指します。記述にある「期待値（平均値）から真の値を引いた値」は「かたより（偏り）」の定義であるため、不適当です。,,,,,,,,,,,,,,
H30-PM-59,H30,午後,59,施工管理,精度管理,建築施工の品質を確保するための管理値に関する記述として、最も不適当なものはどれか。,鉄骨柱据付け面となるベースモルタル天端の高さの管理許容差は、± 3 mm とした。,硬質吹付けウレタンフォーム断熱材の吹付け厚さの許容差を、± 5 mm とした。,鉄骨梁の製品検査において、梁の長さの管理許容差は、± 3 mm とした。,化粧打放しコンクリート仕上げ壁面の仕上がり平坦さを、3 m につき 7 mm 以下とした。,2,【ショーケン版】ウレタンの吹き付け厚さを「マイナス」にするなよ！断熱材ってのは、決められた厚さより薄かったら性能が出ねえんだよ。だから許容差は「＋10mm、−0mm」みたいに、薄くなるのは絶対にNGにするのがルールだ。±5mmなんて甘いこと言ってたら、結露だらけになるぞ！,"【建龍版】断熱工事の厚さ管理に関する問題です。吹付けウレタンフォーム等の断熱材は、所定の断熱性能を確保するため、厚さの許容差は原則として「マイナス側を認めない（+10, -0等）」管理を行います。したがって「±5mm」とする記述は、厚さ不足を許容することになるため不適当です。",,,,,,,,,,,,,,
H30-PM-60,H30,午後,60,施工管理,品質管理,品質管理における検査に関する記述として、最も不適当なものはどれか。,無試験検査は、工程が安定状態にあり、品質状況が定期的に確認でき、そのまま次工程に流しても損失は問題にならない場合に適用される。,間接検査は、購入者側が受入検査を行うことによって、供給者側の試験を省略する検査である。,非破壊検査は、品物を試験してもその商品価値が変わらない検査である。,全数検査は、工程の品質状況が悪く継続的に不良率が大きく、決められた品質水準に修正しなければならない場合に適用される。,2,【ショーケン版】「間接検査」を逆さまに覚えてんぞ！間接検査ってのは、購入者（俺たち）が自分で検査するんじゃなくて、メーカー（供給者）の検査結果を確認して「合格」にするやり方のことだ。自分で検査しないから「間接」なんだよ。意味を逆にすんな！,【建龍版】品質検査の方式に関する問題です。「間接検査」とは、購入者が自ら検査を行う代わりに、供給者（製造者）が実施した検査の結果を確認・利用して受入合否を判定する方式です。「購入者側が検査を行って供給者の試験を省略する」とする記述は、定義が逆であるため不適当です。,,,,,,,,,,,,,,
H30-PM-61,H30,午後,61,施工管理,鉄筋工事,鉄筋のガス圧接工事の試験及び検査に関する記述として、最も不適当なものはどれか。,外観検査は、圧接部のふくらみの直径及び長さ、鉄筋中心軸の偏心量、折曲がりなどについて行った。,超音波探傷試験における抜取検査ロットの大きさは、1組の作業班が1日に施工した圧接 200 箇所とした。,超音波探傷試験の抜取検査は、検査ロットに対して無作為に 30 箇所抽出して行った。,超音波探傷試験による抜取検査で不合格となったロットについては、試験されていない残り全数に対して超音波探傷試験を行った。,2,【ショーケン版】ガス圧接のロットを「200箇所」で決めるな！基本は、1組の班が1日にやった「全部」を1ロットにするんだ。それが200箇所になることもあるが、決め打ちで「200」って数字があるわけじゃねえ。それと、抜き取る数は「30箇所」じゃなくて、JIS規格では「20箇所」が正解だ！数字のミスが多いぞ！,【建龍版】鉄筋のガス圧接（超音波探傷試験）に関する問題です。JIS Z 3062等に基づき、抜取検査のサンプル数は1ロット（1組の班が1日に施工した数等）につき「20箇所」です。また、不合格ロットの処置として残り全数検査を行う記述は正しいですが、抽出数「30箇所」とする記述は不適当です。,,,,,,,,,,,,,,
H30-PM-62,H30,午後,62,施工管理,タイル工事,壁面の陶磁器質タイル張り工事における試験に関する記述として、最も不適当なものはどれか。,有機系接着剤によるタイル後張り工法において、引張接着力試験は、タイル張り施工後、2週間経過してから行った。,セメントモルタルによるタイル後張り工法において、引張接着力試験に先立ち、試験体周辺部をコンクリート面まで切断した。,引張接着力試験の試験体の個数は、300 m2 ごと及びその端数につき 3 個以上とした。,二丁掛けタイルの引張接着力試験の試験体は、タイルを小口平の大きさに切断して行った。,1,【ショーケン版】「接着剤」でタイルを貼った時の試験時期をなめんな！接着剤（有機系）は固まるのが早いんだよ。だから試験は施工後「1週間（7日）」経てばやっていいんだ。2週間待つのは「モルタル」で貼った時の話だ。工法の違いで時間を使い分けろ！,【建龍版】タイルの引張接着力試験に関する問題です。有機系接着剤（接着剤張り）を用いた場合の試験時期は、標準として施工後「1週間（7日間）以上」経過した時点で行います。2週間以上とするのはセメントモルタル張りの基準であり、記述は不適当です。,,,,,,,,,,,,,,
H30-PM-63,H28,午後,63,施工管理,解体工事,解体工事における振動・騒音対策に関する記述として、最も不適当なものはどれか。,現場の周辺地域における許容騒音レベルの範囲内に騒音を抑えるために、外部足場に防音養生パネルを設置した。,振動対策として、壁などを転倒解体する際に、床部分に、先行した解体工事で発生したガラを敷きクッション材として利用した。,内部スパン周りを先に解体し、外周スパンを最後まで残すことにより、解体する予定の構造物を遮音壁として利用した。,測定器の指示値が周期的に変動したため、変動ごとに指示値の最大値と最小値の平均を求め、そのなかの最大の値を振動レベルとした。,4,【ショーケン版】振動計の針が揺れてる時、「最大と最小の平均」なんて中途半端な計算すんな！周期的に変わる振動のレベルを測る時は、ピークが来てる時の「最大値」をいくつかピックアップして、その平均をとるのが正しいルールだ。最小値を混ぜて数字を薄めるな！,【建龍版】振動の測定方法（振動規制法関連）に関する問題です。振動レベルの指示値が周期的に変動する場合の評価値は、「各周期ごとの最大値」を数個測定し、その平均値（$L_{max}$の平均）を算出します。「最大値と最小値の平均」を求める手法は、測定基準として不適当です。,,,,,,,,,,,,,,
H30-PM-64,H30,午後,64,施工管理,安全管理,次に示すイ〜ニの災害を、平成 28 年の建築工事における死亡災害の発生件数の多い順から並べた組合せとして、適当なものはどれか。(災害の種類) イ 建設機械等による災害、ロ 墜落による災害、ハ 電気、爆発火災等による災害、ニ 飛来、落下による災害,イ、ロ、ニ、ハ,ロ、イ、ニ、ハ,イ、ハ、ロ、ニ,ロ、ハ、イ、ニ,2,【ショーケン版】建設現場で一番人が死んでるのは、いつの時代も「墜落（ロ）」だ！これは不動のワースト1位。その次が重機に挟まれたりする「建設機械（イ）」、そして「飛来・落下（ニ）」と続く。火事や感電（ハ）は件数としては一番少ないんだ。ロ（墜落）から始まってる選択肢を選べばまず間違いねえ！,【建龍版】労働災害統計に関する問題です。建築工事における死亡災害の原因別発生件数は、例年「墜落・転落」が約4割を占め最も多く、次いで「建設機械・クレーン等」、「飛来・落下」、「崩壊・倒壊」の順となります。「感電」や「火災・爆発」は比較的下位に位置します。したがって「ロ、イ、ニ、ハ」の順である「2」が適当です。,,,,,,,,,,,,,,
H30-PM-65,H30,午後,65,施工管理,安全管理,市街地の建築工事における公衆災害防止対策に関する記述として、最も不適当なものはどれか。,工事現場内の表土がむきだしになることによる土埃の発生のおそれがあるため、十分散水し、シートで覆いをかけた。,落下物による危害を防止するため、道路管理者及び所轄警察署長の許可を受けて、防護棚を道路上空に設けた。,工事現場の境界に接している荷受け構台には、落下物による危害を防止するために手すりを設けたので、幅木は省略した。,落下物による危害を防止するために足場の外側に設けた工事用シートは、日本工業規格(JIS)で定められた建築工事用シートの 1 類を使用した。,3,【ショーケン版】おい！手すりがあるからって「幅木（はばき）」を抜く奴があるか！手すりは人間が落ちないためのもんだが、幅木は足元の「ボルト」や「工具」が隙間から道路に転がり落ちないようにするためのもんだぞ。第三者災害を防ぐなら、幅木は絶対省略すんな！,【建龍版】公衆災害防止対策（物体落下の防止）に関する問題です。外部に面した作業場（荷受け構台等）では、作業員の墜落防止だけでなく、工具や資材の落下による第三者への危害を防止するため、「手すり」に加えて「幅木（高さ10cm以上）」やメッシュシートの設置が義務付けられています。幅木を省略する記述は不適当です。,,,,,,,,,,,,,,
H30-PM-66,H30,午後,66,施工管理,安全管理,作業主任者の職務として、労働安全衛生法上、定められていないものはどれか。,地山の掘削作業主任者として、作業の方法を決定し、作業を直接指揮すること。,石綿作業主任者として、周辺住民の健康障害を予防するため、敷地境界での計測を定期的に行うこと。,土止め支保工作業主任者として、材料の欠点の有無並びに器具及び工具を点検し、不良品を取り除くこと。,はい作業主任者として、はい作業をする箇所を通行する労働者を安全に通行させるため、その者に必要な事項を指示すること。,2,【ショーケン版】作業主任者の仕事は、あくまで「現場の作業員」を守ることだ！「周辺住民」の健康をチェックしたり、敷地境界で数値を測ったりするのは、現場監督（事業者）や専門の業者の仕事だろ。主任者にそんな大きな責任（近隣対策）まで押し付けるなよ！,【建龍版】作業主任者の職務範囲に関する問題です。作業主任者の法定職務は、当該作業に従事する「労働者」の労働災害を防止するための指揮、点検、監視等に限定されています。「周辺住民の健康障害予防」や「敷地境界での計測」は、事業者の責務であり、作業主任者の直接の法定職務には含まれていません。したがって「2」が正解です。,,,,,,,,,,,,,,
H30-PM-67,H30,午後,67,施工管理,安全管理,足場に関する記述として、最も不適当なものはどれか。,単管足場において、建地を鋼管2本組とする部分は、建地の最高部から測って 31 m を超える部分とした。,単管足場における建地の間隔は、けた行方向を 1.85 m 以下、はり間方向を 1.5 m 以下とした。,枠組足場における高さ 2 m 以上に設ける作業床は、床材と建地とのすき間を 12 cm 未満とした。,高さが 20 m を超える枠組足場の主枠間の間隔は、 2 m 以下とした。,4,"【ショーケン版】枠組足場のスパン（主枠の間隔）を「2m」にする奴があるか！枠組足場の標準サイズは1,829mm（1.85m以下）だろ。20mを超えようが超えまいが、1.85m以下にしなきゃ専用の足場板も布枠も掛からねえぞ。勝手なサイズで組むんじゃねえ！",【建龍版】足場の構造基準（労働安全衛生規則）に関する問題です。枠組足場の主枠間の間隔（けた行方向）は、原則として「1.85m以下」と定められています。高さ20mを超える場合に2m以下とするような緩和規定はなく、不適当です。なお、単管足場の31m超の2本組や、作業床の隙間12cm未満などは正しい基準です。,,,,,,,,,,,,,,
H30-PM-68,H30,午後,68,施工管理,安全管理,労働安全衛生規則上、事業者が作業を行う区域内に関係労働者以外の労働者の立入りを禁止しなければならないものはどれか。,高さが 2 m の足場の組立ての作業,高さが 3 m の鉄骨造建築物の組立ての作業,高さが 4 m のコンクリート造建築物の解体の作業,軒の高さが 5 m の木造建築物の解体の作業,4,【ショーケン版】「立入禁止」が必要な基準を覚えとけ！木造の「解体」は、軒高が「5m以上」ならエリア内は立入禁止だ。ちなみに足場や鉄骨の「組立て」なら「5m以上」から。コンクリ解体は「2m以上」からだ。5mの木造解体はバッチリ対象だぞ！,【建龍版】立入禁止措置が必要な作業（安衛則）に関する問題です。軒の高さが「5m以上」の木造建築物の解体作業を行う区域内には、関係労働者以外の立入りを禁止しなければなりません（安衛則第443条）。他の選択肢（足場組立て・鉄骨組立て等）は「5m以上」が基準であるため、提示された数値では義務が生じません。,,,,,,,,,,,,,,
H30-PM-69,H30,午後,69,施工管理,安全管理,ゴンドラに関する記述として、ゴンドラ安全規則上、誤っているものはどれか。,ゴンドラの操作の業務に労働者をつかせるときは、当該業務に関する安全のための特別の教育を行わなければならない。,つり下げのためのワイヤロープが 2 本のゴンドラでは、安全帯をゴンドラに取り付けて作業を行うことができる。,ゴンドラの検査証の有効期間は 2 年であり、保管状況が良好であれば 3 年を超えない範囲内で延長することができる。,ゴンドラを使用する作業を、操作を行う者に単独で行わせる場合は、操作の合図を定めなくてもよい。,3,【ショーケン版】ゴンドラの検査証を「2年」も持たせてくれるわけねえだろ！ゴンドラ検査証の有効期間は「1年」だ。現場で使ってりゃワイヤーだって痛むんだからな。1年ごとにしっかり検査受けて更新しろ！,【建龍版】ゴンドラ安全規則に関する問題です。ゴンドラ検査証の有効期間は「1年」です。2年とする記述は誤りです。なお、ワイヤロープ2本吊りの場合はゴンドラ本体への安全帯取付けが認められており（1本吊りはライフラインへ）、単独作業時の合図省略も正しい規定です。,,,,,,,,,,,,,,
H30-PM-70,H30,午後,70,施工管理,安全管理,工具とその携帯に関する規定のある法律の組合せとして、誤っているものはどれか。,ガス式ピン打ち機 ― 火薬類取締法,ガラス切り ― 軽犯罪法,作用する部分の幅が 2 cm 以上で長さが 24 cm 以上のバール ― 特殊開錠用具の所持の禁止等に関する法律(ピッキング防止法),刃体の長さが 8 cm を超えるカッターナイフ ― 銃砲刀剣類所持等取締法(銃刀法),1,【ショーケン版】「ガス式」のピン打ち機に火薬が要るかよ！火薬を使うなら火薬類取締法だが、ガス式なら「高圧ガス」か、あるいは特になしだ。カッターの8cm超（銃刀法）や、バールのサイズ（ピッキング防止法）は現場監督なら常識として覚えとけ！,【建龍版】工具の携帯と法律に関する問題です。火薬類取締法の対象となるのは、火薬の爆発力を利用する「鋲打ち機（銃用雷管を使用するもの）」等です。「ガス式」ピン打ち機は火薬を使用しないため、火薬類取締法の対象外です。他の記述は、軽犯罪法やピッキング防止法、銃刀法の規定通りです。,,,,,,,,,,,,,,
H30-PM-71,H30,午後,71,法規,建築基準法,次の記述のうち、建築基準法上、誤っているものはどれか。,床面積の合計が 10 m2 を超える建築物を除却しようとする場合においては、原則として、当該除却工事の施工者は、建築主事を経由して、その旨を都道府県知事に届け出なければならない。,避難施設等に関する工事を含む建築物の完了検査を受けようとする建築主は、建築主事が検査の申請を受理した日から 7 日を経過したときは、検査済証の交付を受ける前であっても、仮に、当該建築物を使用することができる。,鉄筋コンクリート造 3 階建共同住宅の 2 階の床及びこれを支持する梁に鉄筋を配置する工事の工程は、中間検査の申請が必要な特定工程である。,木造 2 階建の戸建て住宅を、大規模の修繕をしようとする場合においては、確認済証の交付を受けなければならない。,4,【ショーケン版】「木造2階建て（4号建築物）」を直すのに確認申請は要らねえよ！大規模の修繕・模様替で申請が要るのは、「1〜3号建築物（デカい建物や3階建て等）」だけだ。2階建ての家なら、中身を全部作り直したって法律上は「確認申請不要」なんだよ！,【建龍版】建築確認（建築基準法第6条）に関する問題です。大規模の修繕・模様替において建築確認が必要なのは、法第6条第1項第一号〜第三号に掲げる建築物です。一般的な木造2階建ての住宅（第四号建築物）は対象外であるため、確認済証の交付を受ける必要はありません。したがって「4」が誤りです。,,,,,,,,,,,,,,
H30-PM-72,H30,午後,72,法規,建築基準法,次の記述のうち、建築基準法上、誤っているものはどれか。,建築監視員は、建築物の工事施工者に、当該工事の施工の状況に関する報告を求めることができる。,建築主事は、建築基準法令の規定に違反した建築物に関する工事の請負人に対して、当該工事の施工の停止を命じることができる。,建築主は、延べ面積が 300 m2 を超える鉄骨造の建築物を新築する場合は、一級建築士である工事監理者を定めなければならない。,特定行政庁は、飲食店に供する床面積が 100 m2 を超える建築物の劣化が進み、そのまま放置すれば著しく保安上危険となると認める場合、相当の猶予期限を付けて、所有者に対し除却を勧告することができる。,2,【ショーケン版】現場を止める命令（施工停止命令）を出せるのは、役所の「特定行政庁（知事や市長）」だけだ！建築主事はあくまで「確認申請が通るかチェックする人」であって、工事を止める強力な権限までは持ってねえんだよ。立場と権限を混同するな！,【建龍版】建築基準法第9条（違反建築物に対する措置）に関する問題です。違反建築物に対して工事の施工停止や是正を命じることができるのは「特定行政庁」です。「建築主主事」にはその権限が与えられていないため、記述は誤りです。,,,,,,,,,,,,,,
H30-PM-73,H30,午後,73,法規,建築基準法,建築物の内装制限に関する記述として、建築基準法上、誤っているものはどれか。,自動車車庫の用途に供する特殊建築物は、構造及び床面積に関係なく、原則として、内装制限を受ける。,主要構造部を耐火構造とした学校の 3 階に設ける調理室は、内装制限を受けない。,内装制限を受ける百貨店の売場から地上に通ずる主たる廊下の室内に面する壁のうち、床面からの高さが 1.2 m 以下の部分は、内装制限を受けない。,主要構造部を耐火構造とした地階に設ける飲食店は、原則として、内装制限を受ける。,3,【ショーケン版】「避難経路（廊下や階段）」の内装制限をなめんな！腰壁（1.2m以下）なら木材でもいいなんてルールはねえぞ。廊下の壁や天井は、床から天井まで「全部」内装制限の対象だ！火災の時に煙に巻かれたらおしまいだからな！,【建龍版】建築基準法施行令第128条の5（内装制限）に関する問題です。避難経路（廊下、階段等）の内装制限において、壁については「床面からの高さ」による除外規定はなく、全面が制限の対象となります。1.2m以下の部分は受けないとする記述は誤りです。学校の調理室（耐火構造）の除外などは正しい規定です。,,,,,,,,,,,,,,
H30-PM-74,H30,午後,74,法規,建設業法,建設業の許可に関する記述として、建設業法上、誤っているものはどれか。,"特定建設業の許可を受けようとする者は、発注者との間の請負契約で、その請負代金の額が 8,000 万円以上であるものを履行するに足りる財産的基礎を有していなければならない。",特定建設業の許可を受けようとする建設業のうち、指定建設業は、土木工事業、建築工事業、電気工事業、管工事業、鋼構造物工事業、舗装工事業及び造園工事業の 7 業種である。,"特定建設業の許可を受けた者でなければ、発注者から直接請け負った建設工事を施工するために、建築工事業にあっては下請代金の額の総額が 6,000 万円以上の下請契約を締結してはならない。",許可を受けようとする建設業に係る建設工事に関して 10 年の実務の経験を有する者を、一般建設業の営業所に置く専任の技術者とすることができる。,3,"【ショーケン版】建築一式工事の下請代金のボーダーラインを間違えてるぞ！「特定」が必要になるのは、下請けに流す合計が「4,500万円（現在は7,000万円）以上」だ。6,000万なんて数字、どこから湧いてきたんだ？一式工事は金額がデカいから特に気をつけろ！","【建龍版】特定建設業の許可（建設業法第3条）に関する問題です。特定建設業の許可が必要となる下請契約の総額は、現在「4,500万円（建築一式は7,000万円）以上」です（H30当時は建築一式でも4,500万円以上が基準）。6,000万円とする記述は法的な基準値と異なるため誤りです。",,,,,,,,,,,,,,
H30-PM-75,H30,午後,75,法規,建設業法,請負契約に関する記述として、建設業法上、誤っているものはどれか。,請負人は、請負契約の履行に関し工事現場に現場代理人を置く場合に、注文者の承諾を得て、現場代理人に関する事項を、情報通信の技術を利用する一定の方法で通知することができる。,"特定建設業者は、発注者から直接建築一式工事を請け負った場合に、下請契約の請負代金の総額が 6,000 万円以上になるときは、施工体制台帳を工事現場ごとに備え置き、発注者の閲覧に供しなければならない。",注文者は、請負人に対して、建設工事の施工につき著しく不適当と認められる下請負人があるときは、あらかじめ注文者の書面等による承諾を得て選定した下請負人である場合であっても、その変更を請求することができる。,"注文者は、工事一件の予定価格が 5,000 万円以上である工事の請負契約の方法が随意契約による場合であっても、契約の締結までに建設業者が当該建設工事の見積りをするための期間は、原則として、 15 日以上を設けなければならない。",3,【ショーケン版】注文者（施主）が「この下請け変えろ！」と言えるのは、事前に承諾して「いない」下請けの場合だけだぞ！あらかじめ書面で「いいよ」って認めた下請けに対して、後からガタガタ文句を言って変更させる権限は注文者にはねえんだよ。認めた以上は責任持てってことだ！,"【建龍版】建設業法第23条（下請負人の変更請求）に関する問題です。注文者は、請負人が選定した下請負人が不適当な場合に変更を請求できますが、あらかじめ注文者が「書面により承諾を与えた下請負人」については、原則として変更を請求することができません。したがって「3」が誤りです。施工体制台帳の作成基準（現在は一律4,500万以上等）も併せて注意が必要です。",,,,,,,,,,,,,,
H30-PM-76,H30,午後,76,法規,建設業法,工事現場に置く技術者に関する記述として、建設業法上、誤っているものはどれか。,"工事一件の請負代金の額が 5,000 万円である事務所の建築一式工事において、工事の施工の技術上の管理をつかさどるものは、工事現場ごとに専任の者でなければならない。",下請負人として建設工事を請け負った建設業者は、下請代金の額にかかわらず、主任技術者を置かなければならない。,専任の主任技術者を必要とする建設工事のうち、密接な関係のある二以上の建設工事を同一の建設業者が同一の場所又は近接した場所において施工するものについては、同一の専任の主任技術者がこれらの建設工事を管理することができる。,専任の者でなければならない監理技術者は、当該選任の期間中のいずれの日においても、その日の前 5 年以内に行われた国土交通大臣の登録を受けた講習を受講していなければならない。,1,"【ショーケン版】建築一式で「専任」が必要になる金額をなめんな！「8,000万円（当時は5,000万円だったが現在は8,000万円）」未満なら、専任じゃなくてもいいんだよ。5,000万ピッタリなら、当時はギリギリ専任の対象だが...いや、一級建築施工なら「8,000万（一式以外は4,000万）」って数字を死守しろ！","【建龍版】技術者の専任配置（建設業法第26条）に関する問題です。公共性のある重要な工作物等において、主任技術者または監理技術者を「専任」で配置しなければならない請負代金額の基準は、現在「4,000万円（建築一式は8,000万円）以上」です（H30当時はそれぞれ3,500万円、7,000万円以上）。記述の5,000万円（建築一式）では専任義務基準に達していないため、誤りです。",,,,,,,,,,,,,,
H30-PM-77,H30,午後,77,法規,労働基準法,労働契約に関する記述として、労働基準法上、誤っているものはどれか。,この法律で定める基準に達しない労働条件を定める労働契約は、その部分については無効であり、この法律に定められた基準が適用される。,労働契約は、契約期間の定めのないものを除き、一定の事業の完了に必要な契約期間を定めるもののほかは、原則として 3 年を超える契約期間について締結してはならない。,使用者は、労働者が業務上負傷し、休業する期間とその後 30 日間は、やむを得ない事由のために事業の継続が不可能となった場合でも解雇してはならない。,労働者が、退職の場合において、使用期間、業務の種類、その事業における地位等について証明書を請求した場合においては、使用者は、遅滞なくこれを交付しなければならない。,3,【ショーケン版】業務災害で休んでる期間＋30日間は原則「解雇制限」がかかるが、「天災地変で会社が続けられなくなった」時は別だぞ！労基署長の認定を受けりゃ解雇できるんだ。「どんな場合でも絶対ダメ」ってのは法律の引っかけだ。例外を忘れんな！,【建龍版】労働基準法第19条（解雇制限）に関する問題です。労働者が業務上負傷し療養のために休業する期間及びその後30日間は原則として解雇できませんが、「天災事変その他やむを得ない事由のために事業の継続が不可能となった場合」で、行政官庁（労基署長）の認定を受けた場合は例外的に解雇が認められます。したがって「不可能となった場合でも解雇してはならない」とする記述は誤りです。,,,,,,,,,,,,,,
H30-PM-78,H30,午後,78,法規,労働安全衛生法,建設業の事業場における安全衛生管理体制に関する記述として、労働安全衛生法上、誤っているものはどれか。,統括安全衛生責任者を選任すべき特定元方事業者は、安全衛生責任者を選任しなければならない。,一の場所において鉄骨造の建築物の建設の仕事を行う元方事業者は、その労働者及び関係請負人の労働者の総数が常時 20 人以上 50 人未満の場合、店社安全衛生管理者を選任しなければならない。,事業者は、常時 100 人の労働者を使用する事業場では、総括安全衛生管理者を選任しなければならない。,元方安全衛生管理者は、その事業場に専属の者でなければならない。,1,【ショーケン版】「統括安全衛生責任者（元請の所長）」が、「安全衛生責任者（下請の職長）」を兼ねるわけねえだろ！自分一人で自分を責任者にするのか？安全衛生責任者はあくまで「下請け」が選んで元請けに報告するもんだ。役割をゴッチャにすんな！,【建龍版】安全衛生管理体制に関する問題です。「統括安全衛生責任者」は元請負人（特定元方事業者）が選任しますが、「安全衛生責任者」は各「関係請負人（下請業者）」が選任するものです。元請けが安全衛生責任者を選任するという記述は誤りです。,,,,,,,,,,,,,,
H30-PM-79,H30,午後,79,法規,労働安全衛生法,労働者の就業に当たっての措置に関する記述として、労働安全衛生法上、誤っているものはどれか。,事業者は、事業場における安全衛生の水準の向上を図るため、危険又は有害な業務に現に就いている者に対し、その従事する業務に関する安全又は衛生のための教育を行うように努めなければならない。,事業者は、従事する業務に関する安全又は衛生のため必要な事項の全部又は一部に関し十分な知識及び技能を有していると認められる労働者については、当該事項についての雇入れ時の安全衛生教育を省略することができる。,事業者は、建設業の事業場において新たに職務に就くことになった作業主任者に対し、作業方法の決定及び労働者の配置に関する事項について、安全又は衛生のための教育を行わなければならない。,事業者は、中高年齢者については、その者の心身の条件に応じて適正な配置を行うように努めなければならない。,3,【ショーケン版】「職長教育」を誰にやるか考えろ！新しく「職長」になる奴には教育が必要だが、「作業主任者」に選ばれた奴には、わざわざ職長教育をやる義務はねえんだよ。主任者はもうそれ以上の知識があるって扱いだからな。引っかけに注意しろ！,【建龍版】安全衛生教育（労働安全衛生法第60条）に関する問題です。職長教育の対象は「新たに職務に就くこととなった職長その他の作業員を直接指導又は監督する者」ですが、労働安全衛生規則により「作業主任者」はこの教育の対象から除外されています。したがって「3」が誤りです。,,,,,,,,,,,,,,
H30-PM-80,H30,午後,80,法規,建設リサイクル法,特定建設資材を用いた建築物等の解体工事又は新築工事等のうち、建設工事に係る資材の再資源化等に関する法律上、分別解体等をしなければならない建設工事に該当しないものはどれか。,アスファルト・コンクリートの撤去工事であって、請負代金の額が 700 万円の工事,建築物の増築工事であって、当該工事に係る部分の床面積の合計が 500 m2 の工事,"建築物の耐震改修工事であって、請負代金の額が 7,000 万円の工事",擁壁の解体工事であって、請負代金の額が 500 万円の工事,4,"【ショーケン版】リサイクル法の「届出」が必要な金額を覚えとけ！建物以外の工作物（擁壁とか）なら、請負代金が「500万円以上」からだぞ。「500万円未満」ならセーフだが、500万ピッタリはアウトだ！...あ、待て、不適当なのは4番か？いや、工作物の解体は500万以上で該当するから、4番は「該当する」になる。じゃあどれだ？...あ、建築物の修繕（耐震改修等）は「1億円以上」だろ！7,000万なら該当しない（セーフ）だ！金額の引っかけに騙されるな！","【建龍版】建設リサイクル法の対象工事に関する問題です。分別解体等の義務が生じるのは、1.解体工事：床面積80m2以上、2.新築・増築：床面積500m2以上、3.修繕・模様替（耐震改修等）：請負代金「1億円以上」、4.その他工作物：請負代金「500万円以上」です。「請負代金7,000万円の耐震改修工事」は1億円未満であるため、対象工事に該当しません。したがって「3」が正解です。（※設問の「該当しないものはどれか」に対して3が適合します）",,,,,,,,,,,,,,
H30-PM-81,H30,午後,81,法規,騒音規制法,指定地域内における特定建設作業の実施の届出に関する記述として、騒音規制法上、誤っているものはどれか。ただし、作業はその作業を開始した日に終わらないものとする。,特定建設作業を伴う建設工事を施工しようとする者は、作業の実施の期間や騒音の防止の方法等の事項を、市町村長に届出をしなければならない。,環境大臣が指定するものを除き、原動機の定格出力が 80 kW 以上のバックホウを使用する作業は、特定建設作業の実施の届出をしなければならない。,さく岩機を使用する作業であって、作業地点が連続的に移動し、1 日における作業に係る地点間の距離が 50 m を超えない作業は、特定建設作業の実施の届出をしなければならない。,構台支持杭を打ち込むため、もんけんを使用する作業は、特定建設作業の実施の届出をしなければならない。,3,【ショーケン版】さく岩機（ブレーカー）の届出基準をなめんな！「移動しながら」やる作業は、1日の移動距離が「50mを超える」場合だけ届出が『免除』されるんだ。50m「以内」しか動かないなら、うるさい場所が固定されるから届出が『必要』なんだよ。文章の「超える・超えない」をよく読め！,【建龍版】騒音規制法に基づく特定建設作業の届出に関する問題です。さく岩機を使用する作業のうち、「作業地点が連続的に移動する作業であって、1日における移動距離が50mを超えるもの」は、特定建設作業から除外されています。記述は「50mを超えない作業は、届出をしなければならない」となっており、これは「除外されない（＝届出が必要）」という正しい内容を述べています。誤りは「4」であり、「もんけん（手動の重り）」による杭打ちは騒音規制法上の特定建設作業（くい打機等）には該当しません。,,,,,,,,,,,,,,
H30-PM-82,H30,午後,82,法規,道路交通法,貨物自動車を使用して、分割できない資材を運搬する際に、道路交通法上、当該車両の出発地を管轄する警察署長の許可を必要とするものはどれか。ただし、貨物自動車は、軽自動車を除くものとする。,荷台の高さが 1 m の自動車に、高さ 2.4 m の資材を積載して運搬する場合,長さ 11 m の自動車に、車体の後ろに 1 m はみ出す長さ 12 m の資材を積載して運搬する場合,積載する自動車の幅より、左右に 0.25 m ずつはみ出す資材を積載して運搬する場合,資材を看守するため必要な最小限度の人員を、自動車の荷台に乗せる場合,3,【ショーケン版】車から「横にはみ出す」のは絶対に許可が要るんだよ！長さ（前後の1.1倍まで）や高さ（地面から3.8mまで）なら許可なしでいける範囲があるが、幅だけは「車からはみ出した瞬間」にアウトだ。左右に0.25mずつなんて、危なっかしくて警察の許可なしじゃ通せねえぞ！,【建龍版】道路交通法における積載制限に関する問題です。警察署長の許可なしで積載できる制限は、1.長さ：車体の長さの1.1倍まで、2.高さ：地上から3.8mまで、3.幅：自動車の幅「まで」です。幅については、車体からはみ出す積載は原則として認められておらず、はみ出す場合は必ず警察署長の許可が必要となります。したがって「3」が正解です。,,,,,,,,,,,,,,