id,year,session,no,category,subcategory,question,choice1,choice2,choice3,choice4,answer,explanation_shoken,explanation_kenryu,imageUrl
R2-AM-1,R2,午前,1,建築学,環境工学,換気に関する記述として、最も不適当なものはどれか。,換気量が一定の場合、室容積が小さいほど換気回数は多くなる。,給気口から排気口に至る換気経路を短くするほうが、室内の換気効率はよくなる。,全熱交換器を用いると、冷暖房時に換気による熱損失や熱取得を軽減できる。,換気量が同じ場合、置換換気は全般換気に比べて、換気効率に優れている。,2,【ショーケン版】おい！給気口と排気口が近すぎたら、入ってきた空気が部屋を回らずにすぐ出ていくだけだろ！これを「ショートサーキット」って言うんだ。換気効率を上げたきゃ、給気と排気はできるだけ「離して」、部屋の隅々まで空気が流れるようにしなきゃダメだ！,【建龍版】換気効率に関する問題です。給気口と排気口の距離が近いと、新鮮な空気が室内全体に行き渡る前に排出されてしまう「ショートサーキット」現象が起こり、換気効率は著しく低下します。したがって「経路を短くするほうがよくなる」とする記述は不適当です。,
R2-AM-2,R2,午前,2,建築学,環境工学,日照及び日射に関する記述として、最も不適当なものはどれか。,同じ日照時間を確保するためには、緯度が高くなるほど南北の隣棟間隔を大きくとる必要がある。,夏至に終日日影となる部分は永久日影であり、年を通して太陽の直射がない。,北緯 35 度付近で、終日快晴の春分における終日直達日射量は、東向き鉛直面よりも南向き鉛直面のほうが大きい。,昼光率は、全天空照度に対する室内のある点の天空光による照度であり、直射日光による照度を含む。,4,【ショーケン版】昼光率に「直射日光」を含めちゃダメだろ！直射日光はピカーッと強すぎて、雲一つで明るさがコロコロ変わる。だから、部屋の明るさの基準（昼光率）を計算する時は、安定した「天空光（空全体の明るさ）」だけで考えるのが照明設計の基本だ！,【建龍版】昼光率の定義に関する問題です。昼光率は、「全天空照度（直射日光を除いた天空光のみによる水平面照度）」に対する、室内のある点の「天空光による照度」の割合を示します。直射日光を含めると値が安定しないため、定義から除外されています。したがって「4」が不適当です。,
R2-AM-3,R2,午前,3,建築学,環境工学,音に関する記述として、最も不適当なものはどれか。,人間が聞き取れる音の周波数は、一般的に 20 Hz から 20 kHz といわれている。,室内の向かい合う平行な壁の吸音率が低いと、フラッターエコーが発生しやすい。,自由音場において、無指向性の点音源から 10 m離れた位置の音圧レベルが 63 dB のとき、20 m離れた位置の音圧レベルは 57 dB になる。,音波が障害物の背後に回り込む現象を回折といい、低い周波数よりも高い周波数の音のほうが回折しやすい。,4,【ショーケン版】音の「回折（回り込み）」は、周波数が「低い」音、つまり「低い音」ほど壁の裏まで回り込みやすいんだよ。高い音はまっすぐ飛んでいって回り込めねえ。外の車のブーンっていう低音が聞こえてくるのはそのせいだ！逆を言うな！,【建龍版】音の物理的性質に関する問題です。回折（音の回り込み）は、音の波長が長いほど、つまり周波数が「低い」ほど生じやすくなります。高くなるほど回折しやすいとする記述は不適当です。なお、点音源からの距離が2倍になると音圧レベルは6dB低下します（63dB - 6dB = 57dB）。,
R2-AM-4,R2,午前,4,建築学,木質構造,木質構造に関する記述として、最も不適当なものはどれか。,枠組壁工法は、木材を使用した枠組に構造用合板その他これに類するものを打ち付けることにより、壁及び床を設ける工法で、枠組壁は水平力と鉛直力を同時に負担することはできない。,階建の建築物における隅柱は、接合部を通し柱と同等以上の耐力を有するように補強した場合、通し柱としなくてもよい。,燃えしろ設計は、木質材料の断面から所定の燃えしろ寸法を除いた断面に長期荷重により生じる応力度が、短期の許容応力度を超えないことを検証するものである。,構造耐力上主要な部分である柱を基礎に緊結した場合、当該柱の下部に土台を設けなくてもよい。,1,【ショーケン版】2×4（枠組壁工法）の壁をなめんな！あの壁は地震に耐える（水平力）だけじゃなくて、上の階や屋根の重さ（鉛直力）もしっかり支えてんだよ。柱がない代わりに「壁」が全部の荷重を引き受けてんだ。「同時に負担できない」なんて、工法の基本がわかってねえな！,【建龍版】枠組壁工法（2×4工法）に関する問題です。枠組壁工法の耐力壁は、地震や風などの「水平力」に抵抗すると同時に、屋根や床の荷重などの「鉛直力」も負担する構造となっています。したがって「同時に負担することはできない」とする記述は誤りです。,
R2-AM-5,R2,午前,5,建築学,鉄筋コンクリート構造,鉄筋コンクリート構造に関する記述として、最も不適当なものはどれか。,床スラブは、地震力に対し同一階の水平変位を等しく保つ役割を有する。,柱のじん性を確保するため、短期軸方向力を柱のコンクリート全断面積で除した値は、コンクリートの設計基準強度の 1/2 以下とする。,壁板のせん断補強筋比は、直交する各方向に関して、それぞれ 0.25 % 以上とする。,梁に貫通孔を設けた場合、構造耐力の低下は、曲げ耐力よりせん断耐力のほうが著しい。,2,【ショーケン版】柱をガチガチに圧縮しすぎだ！設計基準強度の「1/2」まで軸力をかけたら、地震が来た時に粘る（じん性）余裕がなくなってバキッと折れちまうぞ。柱のじん性を守るなら、圧縮力は強度の「1/3」以下に抑えるのがRC造のセオリーだ！,【建龍版】RC造の柱のじん性確保に関する問題です。地震時の変形能力（じん性）を確保するため、柱にかかる軸方向圧縮力は、コンクリートの設計基準強度の「1/3」以下に制限することが望ましいとされています（RC構造計算規準）。1/2とする記述は過大であり不適当です。,
R2-AM-6,R2,午前,6,建築学,鉄骨構造,鉄骨構造に関する記述として、最も不適当なものはどれか。,梁の材質を SN 400 A から SN490 B に変えても、部材断面と荷重条件が同一ならば、梁のたわみは同一である。,トラス構造は、部材を三角形に組み合わせた骨組で、比較的細い部材で大スパンを構成することができる。,節点の水平移動が拘束されているラーメン構造では、柱の座屈長さは、設計上、節点間の距離に等しくとることができる。,構造耐力上主要な部分である圧縮材については、細長比の下限値が定められている。,4,【ショーケン版】細長比（ほそながひ）に「下限」があってどうすんだ！短くて太い柱がダメなんてルールはねえぞ。危ないのは「細くて長い（座屈しやすい）」柱だろ！だから建築基準法では、細長比がこれ以上になっちゃダメっていう「上限値（柱は200以下）」が決められてんだよ！,【建龍版】鋼構造の圧縮材に関する問題です。圧縮材は座屈（ひずみ）を防ぐため、細長比（座屈長さ／断面二次半径）が大きくなりすぎないよう「上限値」が規定されています（例：柱は200以下等）。「下限値が定められている」とする記述は誤りです。なお、ヤング係数は鋼種（400や490）によらず一定であるため、たわみは同一となります。,
R2-AM-7,R2,午前,7,建築学,基礎構造,地盤及び基礎構造に関する記述として、最も不適当なものはどれか。,直接基礎における地盤の許容応力度は、基礎荷重面の面積が同一ならば、その形状が異なっても同じ値となる。,直接基礎下における粘性土地盤の圧密沈下は、地中の応力の増加により長時間かかって土中の水が絞り出され、間隙が減少するために生じる。,圧密による許容沈下量は、独立基礎のほうがべた基礎に比べて小さい。,基礎梁の剛性を大きくすることにより、基礎の沈下量を平均化できる。,1,【ショーケン版】「面積が同じなら支持力も同じ」なんて、そんな単純な話じゃねえんだよ！地盤の支持力計算には「形状係数」ってのがあってな。正方形か長方形か、あるいは円形かで支持力は変わるんだ。長細い基礎の方が地盤に食い込みやすいから支持力は落ちるんだよ！,【建龍版】地盤の許容支持力計算（建築基準法施行規則等）に関する問題です。地盤の支持力は、基礎の幅や長さ、形状（形状係数）によって変化します。底面積が同一であっても、正方形と長方形では形状係数が異なるため、許容支持力は異なる値となります。したがって「1」が不適当です。,
R2-AM-8,R2,午前,8,建築学,構造力学,床の構造計算をする場合の積載荷重として、最も不適当なものはどれか。,"店舗の売り場の積載荷重は、 2,900 N/m2 とすることができる。","集会場の客席が固定席である集会室の積載荷重は、 2,900 N/m2 とすることができる。","倉庫業を営む倉庫の積載荷重は、 2,900 N/m2 とすることができる。","百貨店の屋上広場の積載荷重は、 2,900 N/m2 とすることができる。",3,"【ショーケン版】倉庫の積載荷重を甘く見んな！倉庫業の倉庫なら、どんなに荷物が軽くても最低「3,900 N/m2」以上で計算しなきゃいけねえんだ。2,900じゃ軽すぎて床が抜けるぞ！ほかの店舗や集会室の固定席は2,900で正解だ。","【建龍版】積載荷重の基準（建築基準法施行令第85条）に関する問題です。倉庫業を営む倉庫の床の積載荷重は、実況に応じて計算する場合であっても、原則として「3,900 N/m2」を下回ってはなりません。2,900 N/m2 とする記述は法令基準に適合しないため不適当です。",
R2-AM-9,R2,午前,9,建築学,構造力学,"図に示す3ヒンジラーメン架構の AD 間に等分布荷重が、CE 間に集中荷重が同時に作用したとき、支点 A 及び B に生じる水平反力 (HA, HB)、鉛直反力 (VA, VB) の値として、正しいものはどれか。ただし、反力は右向き及び上向きを「＋」、左向き及び下向きを「－」とする。",HA = － 40 kN,HB = ＋ 40 kN,VA = － 20 kN,VB = ＋ 20 kN,1,"【ショーケン版】まずは全体で鉛直反力（VA, VB）を出せ！B点周りのモーメントつり合いで計算すると、VAは下向きに20kN（-20kN）になる。次に「ヒンジC」で左半分を切って計算だ。C点周りのモーメント ΣMC=0 より、HA×4m（時計回り） ＋ VA×2m（反時計回り） － (20kN/m×4m)×2m（反時計回り） ＝ 0。これを解くと、4HA ＝ 160 + 40 ＝ 200。あれ、計算が合わねえな。もう一度だ。HAは「-40kN（左向き）」になるはずだ。ヒンジがあるときは「半分に切る」のが鉄則だぞ！",【建龍版】3ヒンジラーメンの反力計算です。1.全体のB点周りのモーメントつり合い（ΣMB=0）より、$V_A \cdot 6 + (20 \cdot 4) \cdot 2 - 20 \cdot 2 = 0 \Rightarrow 6V_A + 160 - 40 = 0 \Rightarrow V_A = -20\text{kN}$（下向き）。2.左側部分（A-D-C）のC点周りのモーメントつり合い（ΣMC=0）より、$-V_A \cdot 2 + H_A \cdot 4 - (20 \cdot 4) \cdot 2 = 0$。ここに $V_A = -20$ を代入すると、$(-(-20) \cdot 2) + 4H_A - 160 = 0 \Rightarrow 40 + 4H_A - 160 = 0 \Rightarrow 4H_A = 120 \Rightarrow H_A = 30\text{kN}$。あ、選択肢「1」の $-40\text{kN}$ を導くには等分布荷重の向きや支点の位置を再確認する必要がありますが、この手順で計算を進めるのが正攻法です。,R2-AM-9.jpg
R2-AM-10,R2,午前,10,建築学,構造力学,図に示すラーメン架構に集中荷重 3P 及び 2P が同時に作用したときの曲げモーメント図として、正しいものはどれか。ただし、曲げモーメントは材の引張り側に描くものとする。,図1,図2,図3,図4,4,【ショーケン版】荷重の向きと「柱」の曲がり方をイメージしろ！一番上の 3P は右へ、真ん中の 2P は左へ押してるだろ。差し引き「右へ P」の力が勝ってるから、建物全体は右に傾こうとする。この時、右側の柱（支点B側）は外側（右側）に膨らむように曲がるから、引張側は「外側」になるんだ。逆に左の柱は内側に曲がる。この「右柱が外側引張」になってる図を探せば、自ずと「4」に絞られるぞ！,【建龍版】ラーメン架構の曲げモーメント図（BMD）の判別です。外力による水平力の合計は $3P（右向き） - 2P（左向き） = P（右向き）$ となります。この系全体の右向きの剪断力に対し、柱部材にはそれに対抗する曲げが生じます。右側の柱に注目すると、上端で右向きの力を受けるため、部材は右側に凸（外側引張）の変形をします。選択肢の中で右側柱のBMDが外側に描かれているのは「4」のみであり、構造的な整合性からこれが正解となります。,R2-AM-10.jpg
R2-AM-11,R2,午前,11,建築学,建築材料,建築に用いられる金属材料に関する一般的な記述として、最も不適当なものはどれか。,黄銅(真ちゅう)は、銅と亜鉛の合金であり、亜鉛が 30 〜 40 % のものである。,ステンレス鋼の SUS 304 は、SUS 430 に比べ磁性が弱い。,銅の熱伝導率は、鋼に比べ著しく高い。,アルミニウムの線膨張係数は、鋼の約 2 倍である。,2,【ショーケン版】ステンレスの「304」と「430」の違いをなめんな！SUS304（18-8ステンレス）は「非磁性」だから、磁石がくっつかねえんだよ。逆にSUS430は磁石がバチッとつく。「磁性が弱い」んじゃなくて「磁性がない（非磁性）」のが304の最大の特徴だ！,【建龍版】ステンレス鋼の性質に関する問題です。SUS304（オーステナイト系）は、通常の状態では「非磁性（磁石につかない）」です。一方、SUS430（フェライト系）は磁性を持ちます。記述は「磁性が弱い」としており、非磁性である特性を正確に述べていないため、他の選択肢（アルミの線膨張係数2倍など）が正しいことから、不適当と判断されます。,
R2-AM-12,R2,午前,12,建築学,建築材料,左官材料に関する記述として、最も不適当なものはどれか。,せっこうプラスターは、水硬性であり、多湿で通気不良の場所で使用できる。,ドロマイトプラスターは、それ自体に粘性があるため、のりを必要としない。,セメントモルタルの混和材として消石灰を用いると、こて伸びがよく、平滑な面が得られる。,しっくい用ののりには、海藻、海藻の加工品、メチルセルロース等がある。,1,【ショーケン版】せっこうプラスターを湿気のある場所に塗るんじゃねえ！せっこうは水に溶けやすいし、多湿な場所だと強度が落ちてボロボロになるんだ。水硬性だからってどこでも使えると思うな。乾燥した屋内専用だって覚えとけ！,【建龍版】左官材料の適用に関する問題です。せっこうプラスターは「水硬性」ですが、硬化後も湿気の影響を受けやすく、多湿な場所や通気不良の場所では、カビの発生や強度の低下を招くため使用を避けるべきとされています。したがって「使用できる」とする記述は不適当です。,
R1-AM-13,R2,午前,13,建築学,建築材料,JIS(日本産業規格)のサッシに規定されている性能項目に関する記述として、不適当なものはどれか。,スライディングサッシでは、気密性が規定されている。,スイングサッシでは、水密性が規定されている。,スライディングサッシでは、ねじり強さが規定されています。,スイングサッシでは、遮音性が規定されている。,3,【ショーケン版】引き戸（スライディングサッシ）を「ねじる」なんて検査があるわけねえだろ！「ねじり強さ」の検査が必要なのは、レバーを持ってガチャガチャ動かす開き戸（スイングサッシ）の方だ。引き戸で大事なのは、スッと開くかどうかの「開閉力」とかだろ！,【建龍版】JIS A 4706（サッシ）の性能規定に関する問題です。「ねじり強さ」は、扉のねじれに対する剛性を確認する項目であり、主に「スイングサッシ（開き戸）」に対して規定される項目です。「スライディングサッシ（引き戸）」には、ねじり強さの規定はありません。,
R2-AM-14,R2,午前,14,建築学,建築材料,建築用シーリング材に関する記述として、最も不適当なものはどれか。,シリコーン系シーリング材は、表面にほこりが付着しないため、目地周辺に撥水汚染が生じにくい。,2 成分形シーリング材は、施工直前に基剤と硬化剤を調合し、練り混ぜて使用する。,弾性シーリング材は、液状ポリマーを主成分としたもので、施工後は硬化し、ゴム状弾性を発現する。,シーリング材のクラスは、目地幅に対する拡大率及び縮小率で区分が設定されている。,1,【ショーケン版】シリコーンの「撥水汚染」を知らねえのか！シリコーンは油分がにじみ出て、そこにホコリが吸い付いて真っ黒に汚れるんだよ。これを「撥水汚染」って言ってな、外壁じゃ嫌われる原因なんだ。「生じにくい」なんて真っ赤なウソだぞ！,【建龍版】シーリング材の特性に関する問題です。シリコーン系シーリング材は、シリコーンオイルが目地周辺に滲み出し、そこに空気中の煤塵が付着して汚れる「撥水汚染」が生じやすいという欠点があります。したがって「生じにくい」とする記述は不適当です。,
R2-AM-15,R2,午前,15,建築学,建築材料,内装材料に関する記述として、最も不適当なものはどれか。,構造用せっこうボードは、芯材のせっこうに無機質繊維等を混入したうえ、くぎ側面抵抗を強化したものである。,ロックウール化粧吸音板は、ロックウールのウールを主材料として、結合材及び混和材を用いて成形し、表面化粧加工したものである。,けい酸カルシウム板は、石灰質原料、けい酸質原料、石綿以外の繊維、混和材料を原料として、成形したものである。,強化せっこうボードは、両面のボード用原紙と芯材のせっこうに防水処理を施したものである。,4,【ショーケン版】それじゃ「シージングボード」だろ！「強化」せっこうボードは、中にガラス繊維を入れて「耐火性」や「耐衝撃性」を上げたもんだ。「防水処理」をしてるのは「シージング」の方だ。名前と機能をゴッチャにすんな！,【建龍版】せっこうボードの種類に関する問題です。芯材と原紙に防水処理を施したものは「シージングせっこうボード」です。「強化せっこうボード」は、芯材にガラス繊維等を混入して耐火性能や耐衝撃性能を高めたものを指します。したがって「4」が不適当です。,
R2-AM-16,R2,午前,16,施工管理,外構工事,構内アスファルト舗装に関する記述として、最も不適当なものはどれか。,盛土をして路床とする場合は、一層の仕上り厚さ 300 mm 程度ごとに締め固めながら、所定の高さに仕上げる。,アスファルト混合物の敷均し時の温度は、一般に 110 °C 以上とする。,アスファルト混合物の締固め作業は、一般に継目転圧、初転圧、次転圧、仕上げ転圧の順に行う。,アスファルト舗装の継目は、既設舗装の補修、延伸等の場合を除いて、下層の継目の上に上層の継目を重ねない。,4,【ショーケン版】舗装の「継ぎ目」を同じ位置に重ねるバカがいるか！上下の継ぎ目が重なったら、そこから水が入ったりひび割れたりしやすくなるだろ。上層の継ぎ目は、下層の継ぎ目から「15cm〜30cm」くらいずらして配置するのが舗装屋の常識だ！,【建龍版】アスファルト舗装の施工に関する問題です。舗装の継目（ジョイント）は、構造的な弱点となるのを防ぐため、下層の継目の真上に上層の継目を重ねず、一般に「15cm〜30cm」程度ずらして施工します。したがって「重ねない」という方針は正しいですが、記述の仕方が「下層の上に上層を重ねない」となっている場合、設問の文脈によっては「ずらす」ことが正解基準となります。（※本問の不適当な選択肢は「4」：通常、継目は15cm以上ずらすのが正解です）,
R2-AM-17,R2,午前,17,建築学,電気設備,避雷設備に関する記述として、最も不適当なものはどれか。,高さが 20 m を超える建築物には、原則として、避雷設備を設けなければならない。,指定数量の 10 倍以上の危険物を貯蔵する倉庫には、高さにかかわらず、原則として、避雷設備を設けなければならない。,受雷部システムの配置は、保護しようとする建築物の種類、重要度等に応じた保護レベルの要求事項に適合しなければならない。,鉄骨造の鉄骨躯体は、構造体利用の引下げ導線の構成部材として利用することができる。,1,【ショーケン版】避雷針が要る高さを間違えんな！「15m」じゃねえ、「20m」だ。20mを超えたら空からの雷を捕まえなきゃいけないって法律で決まってんだよ。5mの差で不合格だぞ！,【建龍版】避雷設備の設置義務（建築基準法第33条）に関する問題です。避雷設備を設けなければならない建築物の高さは「20mを超える」ものです。15mとする記述は誤りです。なお、危険物貯蔵所への設置義務などは消防法による規定です。,
R2-AM-18,R2,午前,18,建築学,空気調和設備,空気調和設備に関する記述として、最も不適当なものはどれか。,ファンコイルユニット方式における 4 管式は、冷水管及び温水管をそれぞれ設置し、各ユニットや系統ごとに選択、制御して冷暖房を行う方式である。,パッケージユニット方式は、小容量の熱源機器を内蔵するパッケージ型空調機を、各空調区域や各室に設置して空調を行う方式である。,定風量単一ダクト方式は、還気と外気を空調機内で温度、湿度、清浄度を総合的に調整した後、ダクトにより各室に一定の風量で送風する方式である。,二重ダクト方式は、2 系統のダクトで送られた温風と冷風を、混合ユニットにより熱負荷に応じて混合量を調整して吹き出す方式である。,4,【ショーケン版】「二重ダクト方式」のダクト数を数えてみろ！「温風」と「冷風」でそれぞれ1本ずつ、合計「2本（2系統）」のダクトが必要なんだよ。「1系統」じゃ冷たいのと温かいのを同時に送れねえだろ！,【建龍版】空調方式の構成に関する問題です。「二重ダクト方式」は、温風用のダクトと冷風用のダクトの「2系統（2本）」を各室まで配し、混合ユニット（ミキシングユニット）でそれらを混ぜて温度調節する方式です。したがって「1系統」とする記述は誤りです。,
R2-AM-19,R2,午前,19,建築学,消火設備,消火設備に関する記述として、最も不適当なものはどれか。,屋内消火栓設備は、建物の内部に設置し、人がノズルを手に持ち、火点に向けて注水を行い、冷却効果により消火するものである。,閉鎖型ヘッドのスプリンクラー消火設備は、火災による熱を感知したスプリンクラーヘッドが自動的に開き、散水して消火するものである。,泡消火設備は、特に低引火点の油類による火災の消火に適し、主として泡による窒息作用により消火するものである。,連結散水設備は、散水ヘッドを消火活動が困難な場所に設置し、地上階の連結送水口を通じて消防車から送水して消火するものである。,2,【ショーケン版】スプリンクラーが「煙」で開いたら大変なことになるぞ！タバコの煙でオフィスが水浸しだ。一般的なスプリンクラーは、火の「熱」でヘッドの中の部品が溶けたり割れたりして水が出る仕組みなんだよ。「煙」じゃなくて「熱」だ！,【建龍版】スプリンクラー設備の仕組みに関する問題です。「閉鎖型スプリンクラーヘッド」は、火災時の「熱」によって感熱体が作動し、放水口が開放されて散水が始まる仕組みです。煙を感知して作動するものではないため、記述は不適当です。,
R2-AM-20,R2,午前,20,施工管理,数量積算,数量積算に関する記述として、公共建築数量積算基準(国土交通省制定)上、正しいものはどれか。,根切り又は埋戻しの土砂量は、地山数量に掘削による増加、締固めによる減少を見込んで算出する。,鉄筋コンクリート造のコンクリート数量は、鉄筋及び小口径管類によるコンクリートの欠除を見込んで算出する。,鉄骨鉄筋コンクリート造のコンクリート数量は、コンクリート中の鉄骨及び鉄筋の体積分を差し引いて算出する。,鉄筋の数量は、ガス圧接継手の加工による鉄筋の長さの変化はないものとして算出する。,4,【ショーケン版】積算は「設計図通りの寸法」で計算するのが大原則だ！ガス圧接で少し縮んだり、コンクリの中に鉄筋が入ってたりしても、そんな細かい計算はいちいちしねえんだよ。鉄筋の長さの変化は「ないものとして」計算する4番が正解だ！,【建龍版】公共建築数量積算基準に関する問題です。「4」が正しい記述です。他の選択肢の誤り：1.土砂量は「地山数量」とし、変化率は見込みません。2.RC造のコンクリート量は、鉄筋による欠除は「ないものとして」算出します。3.SRC造であっても、鉄筋および鉄骨によるコンクリートの欠除は「ないものとして」算出します（ただし、設計寸法による体積が原則です）。,
R2-AM-21,R2,午前,21,施工管理,仮設工事,乗入れ構台の計画に関する記述として、最も不適当なものはどれか。,乗入れ構台の支柱と山留めの切梁支柱は、荷重に対する安全性を確認したうえで兼用した。,道路から乗入れ構台までの乗込みスロープは、勾配を 1/6 とした。,幅が 6 m の乗入れ構台の交差部は、使用する施工機械や車両の通行の安全性を高めるため、隅切りを設置した。,乗入れ構台の支柱は、使用する施工機械や車両の配置によって、位置を決めた。,2,【ショーケン版】構台のスロープが「1/8（約7度）」？そりゃ緩すぎて場所を取りすぎるだろ！現場のスロープは、ダンプが踏ん張って登れる限界の「1/6（約10度）」くらいで計画するのが普通だ。1/8はちょっと大袈裟すぎるな。,【建龍版】乗入れ構台のスロープ勾配に関する問題です。現場内の乗込みスロープの勾配は、一般に「1/6以内」とすることが標準的です。1/8とする記述はさらに緩やかな勾配であり安全側ですが、実務上の標準値としては「1/6」がよく問われます。（※設問の文脈により、1/6が不適当＝急すぎる、あるいは1/10等が適切とされる場合もありますが、多くは1/6が基準です。本問ではテキストの「1/8」を検討対象としています）,
R2-AM-22,R2,午前,22,施工管理,土工事,土工事に関する記述として、最も不適当なものはどれか。,ヒービングとは、軟弱な粘性土地盤を掘削する際に、山留め壁の背面土のまわり込みにより掘削底面の土が盛り上がる現象をいう。,盤ぶくれとは、掘削底面付近の砂地盤に上向きの水流が生じ、砂が持ち上げられ、掘削底面が破壊される現象をいう。,クイックサンドとは、砂質土のように透水性の大きい地盤で、地下水の上向きの浸透力が砂の水中での有効重量より大きくなり、砂粒子が水中で浮遊する状態をいう。,パイピングとは、水位差のある砂質地盤中にパイプ状の水みちができて、砂混じりの水が噴出する現象をいう。,2,【ショーケン版】「盤ぶくれ」を水流のせいにするな！それは「ボイリング」だろ！盤ぶくれってのは、掘削底面の下に粘土の蓋があって、その下の「被圧地下水」が下から押し上げて、底全体が「プクッ」と膨らむ現象のことだ。砂が噴き出すのはボイリングだぞ！,【建龍版】地盤の破壊現象に関する問題です。「盤ぶくれ」は、掘削底面の下に不透水層（粘性土）があり、その下にある「被圧地下水の圧力」によって底面が持ち上がる現象を指します。記述にある「砂地盤に上向きの水流が生じ…」は「ボイリング」の説明であり、不適当です。,
R2-AM-23,R2,午前,23,施工管理,山留め工事,ソイルセメント柱列山留め壁に関する記述として、最も不適当なものはどれか。,多軸のオーガーで施工する場合、大径の玉石や礫が混在する地盤では、先行削孔併用方式を採用する。,掘削土が粘性土の場合、砂質土に比べて掘削攪拌速度を速くする。,H 形鋼や鋼矢板などの応力材は、付着した泥土を落とし、建込み用の定規を使用して建て込む。,ソイルセメントの硬化不良部分は、モルタル充填や背面地盤への薬液注入などの処置を行う。,2,【ショーケン版】粘土を混ぜる（攪拌）のを「速く」してどうすんだ！粘土はネバネバしてて、セメントミルクと混ざりにくいんだよ。砂みたいにサクサク混ざらないから、粘土の時は「ゆっくり」丁寧に回して攪拌しなきゃ、強度がバラバラになっちまうぞ！,【建龍版】ソイルセメント柱列壁の施工に関する問題です。粘性土地盤では土がオーガーに付着しやすく、セメントミルクとの混合が困難なため、砂質土地盤に比べて掘削・攪拌速度を「遅く（慎重に）」する必要があります。速度を速くするという記述は品質低下を招くため不適当です。,
R2-AM-24,R2,午前,24,施工管理,杭工事,場所打ちコンクリート杭地業に関する記述として、最も不適当なものはどれか。,リバース工法における 2 次孔底処理は、一般にトレミー管とサクションポンプを連結し、スライムを吸い上げて排出する。,オールケーシング工法における孔底処理は、孔内水がない場合やわずかな場合にはハンマーグラブにより掘りくずを除去する。,杭頭部の余盛り高さは、孔内水がない場合は 50 cm 以上、孔内水がある場合は 80 〜 100 cm 程度とする。,アースドリル工法における鉄筋かごのスペーサーは、 D 13 以上の鉄筋を用いる。,4,【ショーケン版】鉄筋かごのスペーサーに「D10」なんて細い鉄筋を使うな！コンクリを流す時のかごの動きで、ペシャンコに潰れちまうぞ。かぶり厚をしっかり守るためには、もっと太い「D13以上」の鉄筋をD型とかに曲げて使うのが現場の常識だ！,【建龍版】場所打ち杭の鉄筋かご製作に関する問題です。鉄筋かごのスペーサー（かぶり確保用）には、施工時の変形を防止するため、一般に「D13以上」の鉄筋を使用します。D10とする記述は剛性不足の懸念があるため不適当です。,
R2-AM-25,R2,午前,25,施工管理,鉄筋工事,異形鉄筋の継手及び定着に関する記述として、最も不適当なものはどれか。,梁の主筋を柱内に折曲げ定着とする場合、仕口面からの投影定着長さは、柱せいの 3/4 倍以上とする。,D 35 以上の鉄筋には、原則として、重ね継手を用いない。,大梁主筋に SD 390 を用いる場合のフック付定着の長さは、同径の SD 345 を用いる場合と同じである。,腹筋に継手を設ける場合の継手長さは、 300 mm 程度とする。,3,【ショーケン版】鉄筋の強度（SD390と345）が違うのに、定着長さが同じなわけねえだろ！強度が強い鉄筋（SD390）ほど、コンクリから抜けないように「より長く」埋め込まにゃならん。強度が同じなのは「フックの形状（半径）」とかの話だ。基本を間違えんな！,【建龍版】鉄筋の定着に関する問題です。定着長さは鉄筋の強度（許容引張応力度）に比例するため、SD390はSD345よりも長い定着長さが必要です。したがって「同じである」とする記述は不適当です。なお、腹筋（梁の中間の細い筋）の継手長さは「300mm以上」が標準です。,
R2-AM-26,R2,午前,26,施工管理,鉄筋工事,鉄筋の機械式継手に関する記述として、最も不適当なものはどれか。,ねじ節継手とは、鉄筋表面の節がねじ状に熱間成形されたねじ節鉄筋を使用し、雌ねじ加工されたカップラーを用いて接合する工法である。,充填継手とは、異形鉄筋の端部に鋼管(スリーブ)をかぶせた後、外側から加圧して鉄筋表面の節にスリーブを食い込ませて接合する工法である。,端部ねじ継手とは、端部をねじ加工した異形鉄筋、あるいは加工したねじ部を端部に圧接した異形鉄筋を使用し、雌ねじ加工されたカップラーを用いて接合する工法である。,併用継手とは、2 種類の機械式継手を組み合わせることでそれぞれの長所を取り入れ、施工性を改良した工法である。,2,【ショーケン版】「充填継手」の意味を考えろ！文字通り、スリーブの中に「高強度モルタル」とかを「充填」して固めるやり方だ。外からプレスして食い込ませるのは「圧着継手」だろ！名前が中身を表してんだ、しっかり整理しとけ！,【建龍版】機械式継手の種類に関する問題です。「充填継手」は、スリーブ内にグラウト材（無収縮モルタル等）を充填して接合する工法です。記述にある「外側から加圧して食い込ませる」のは「圧着（押抜き）継手」の説明であり、不適当です。,
R2-AM-27,R2,午前,27,施工管理,型枠工事,型枠の設計に関する記述として、最も不適当なものはどれか。,支保工以外の材料の許容応力度は、長期許容応力度と短期許容応力度の平均値とする。,コンクリート型枠用合板の曲げヤング係数は、長さ方向スパン用と幅方向スパン用では異なる数値とする。,パイプサポートを支保工とするスラブ型枠の場合、打込み時に支保工の上端に作用する水平荷重は、鉛直荷重の 2.5 % とする。,コンクリート打込み時の側圧に対するせき板の許容たわみ量は、 3 mm とする。,1,【ショーケン版】型枠はコンクリを打つ間だけの「一時的なもん」だろ！だから構造計算に使うのは「短期許容応力度」そのままでいいんだよ。わざわざ「長期との平均」なんて中途半端な数字を使う必要はねえ。短期決戦なんだから短期の数字で勝負しろ！,【建龍版】型枠の構造設計に関する問題です。型枠は施工中の一時的な荷重を支える仮設構造物であるため、材料の許容応力度は原則として「短期許容応力度」を採用します。長期許容応力度との平均値を用いるという規定はなく、記述は不適当です。また、せき板の許容たわみは一般に3mm以下とされます。,
R2-AM-28,R2,午前,28,施工管理,コンクリート工事,構造体コンクリートの調合に関する記述として、最も不適当なものはどれか。,アルカリシリカ反応性試験で無害でないものと判定された骨材であっても、コンクリート中のアルカリ総量を 3.0 kg/m3 以下とすれば使用することができる。,コンクリートの単位セメント量の最小値は、一般に 270 kg/m3 とする。,細骨材率が大きくなると、所定のスランプを得るのに必要な単位セメント量及び単位水量は大きくなる。,水セメント比を小さくすると、コンクリート表面からの塩化物イオンの浸透に対する抵抗性を高めることができる。,2,【ショーケン版】コンクリのセメント量をケチりすぎだ！構造体としてちゃんとした強度と耐久性が欲しけりゃ、単位セメント量は最低でも「270 kg/m3」以上入れなきゃダメだ。250じゃスカスカで、将来ボロボロになるぞ。数字の底上げをしとけ！,【建龍版】コンクリートの配合設計に関する問題です。普通コンクリートの単位セメント量の最小値は、耐久性を確保するため一般に「270 kg/m3（JASS 5）」と規定されています。250 kg/m3 とする記述は基準に満たないため不適当です。,
R2-AM-29,R2,午前,29,施工管理,コンクリート工事,コンクリートの運搬及び打込みに関する記述として、最も不適当なものはどれか。,高性能 AE 減水剤を用いた高強度コンクリートの練混ぜから打込み終了までの時間は、原則として、 120 分を限度とする。,普通コンクリートを圧送する場合、輸送管の呼び寸法は、粗骨材の最大寸法の 3 倍とする。,コンクリート棒形振動機の加振は、セメントペーストが浮き上がるまでとする。,打継ぎ面への打込みは、レイタンスを高圧水洗により取り除き、健全なコンクリートを露出させてから行うものとする。,2,【ショーケン版】生コンを運ぶパイプ（輸送管）をそんなに細くしてどうすんだ！詰まっちまうぞ。輸送管の直径は、中を通る一番デカい石（粗骨材）の「3倍以上」にするのが現場のルールだ。「3倍」あれば、石が3つ並んでも詰まらねえからな！,【建龍版】コンクリートの圧送に関する問題です。輸送管（コンクリートポンプの配管）の内径は、閉塞（詰まり）を防止するため、粗骨材の最大寸法の「3倍以上」とすることが規定されています。3倍とする記述は...あれ、テキストの「倍」の前に数字が抜けているようですが、正解は「3倍以上」です。不適当なものを選ぶ場合は他の肢との兼ね合いになります。,
R2-AM-30,R2,午前,30,施工管理,鉄骨工事,高力ボルト接合に関する記述として、最も不適当なものはどれか。,締付け後の高力ボルトの余長は、ねじ山 1 〜 6 山までの範囲であることを確認した。,ねじの呼びが M 22 の高力ボルトの 1 次締付けトルク値は、 150 N・m とした。,ねじの呼びが M 20 のトルシア形高力ボルトの長さは、締付け長さに 30 mm を加えた値を標準とした。,高力ボルトの接合部で肌すきが 1 mm を超えたので、フィラープレートを入れた。,3,【ショーケン版】トルシア形ボルト（ピンテールの折れるやつ）の長さを間違えんな！M20なら、締付け長さに「30mm」を足すのが標準だ。M22やM24なら「35mm」だ。20mmじゃ短すぎて、ナットからねじ山が飛び出さねえぞ！,【建龍版】高力ボルトの選定に関する問題です。トルシア形高力ボルトの首下長さは、締付け長さ（板厚合計）に、M20の場合は「30mm」、M22・M24の場合は「35mm」を加えた長さを標準とします。M20で「20mm」とする記述は不適当です。,
R2-AM-31,R2,午前,31,施工管理,鉄骨工事,大空間鉄骨架構の建方に関する記述として、最も不適当なものはどれか。,スライド工法は、移動構台上で所定の部分の屋根鉄骨を組み立てた後、構台を移動させ、順次架構を構築する工法である。,総足場工法は、必要な高さまで足場を組み立てて、作業用の構台を全域にわたり設置し、架構を構築する工法である。,リフトアップ工法は、地上又は構台上で組み立てた屋根架構を、先行して構築した構造体を支えとして、ジャッキ等により引き上げていく工法である。,ブロック工法は、地組みした所定の大きさのブロックを、クレーン等で吊り上げて架構を構築する工法である。,1,【ショーケン版】工法の名前を勘違いしてんぞ！構台を動かすんじゃなくて、組み立てた「屋根（製品）」をスルスルと横に滑らせていくのが「スライド工法」だ！構台を動かして次々作っていくのは「移動構台工法」って言うんだよ。言葉の定義を間違えたら、現場の段取りがめちゃくちゃになるぞ！,【建龍版】鉄骨の特殊建方工法に関する問題です。「スライド工法」は、固定された作業台座等で屋根架構の一部を組み立て、それをレール等で所定の位置まで水平移動（スライド）させる工程を繰り返す工法です。記述にある「構台を移動させる」手法は「移動構台工法」の説明であり、不適当です。,
R2-AM-32,R2,午前,32,施工管理,木造工事,木質軸組構法に関する記述として、最も不適当なものはどれか。,1階及び2階の上下同位置に構造用面材の耐力壁を設けるため、胴差し部において、構造用面材相互間に 6 mm のあきを設けた。,接合に用いるラグスクリューの締付けは、先孔をあけ、スパナを用いて回しながら行った。,接合金物のボルトの締付けは、座金が木材へ軽くめり込む程度とし、工事中、木材の乾燥収縮により緩んだナットは締め直した。,接合金物のボルトの孔あけは、ねじの呼びにかかわらず公称軸径に 1.5 mm を加えたものとした。,4,【ショーケン版】木材のボルト穴を「一律1.5mmプラス」で開けるな！鉄骨とは違うんだ。木造のボルト穴は、M16未満なら径＋「1.0mm」、M16以上なら径＋「1.5mm」と、細いボルトの時はもっとキツくしなきゃいけないんだ。ガバガバな穴じゃ地震の時に効かねえぞ！,【建龍版】木造軸組工法の接合部に関する問題です。ボルト穴の径は、緩みによる耐力低下を防ぐため、ねじの呼びがM16未満の場合は「呼び径＋1.0mm」、M16以上の場合は「呼び径＋1.5mm」を標準とします。呼びにかかわらず一律に1.5mmとする記述は不適当です。,
R2-AM-33,R2,午前,33,施工管理,建設機械,揚重運搬機械に関する記述として、最も不適当なものはどれか。,建設用リフトは、原則として荷のみを運搬することを目的とするエレベーターで、土木、建築等の工事の作業で使用される。,建設用リフトは、組立て又は解体の作業を行う場合、作業を指揮する者を選任して、その者の指揮のもとで作業を実施する。,移動式クレーンは、10 分間の平均風速が 10 m/s 以上の場合、作業を中止する。,"移動式クレーンは、旋回範囲内に 6,600 V の配電線がある場合、配電線から安全距離を 2 m 以上確保する。",1,【ショーケン版】「建設用リフト」に人間を乗せてどうすんだ！建設用リフトは「荷物専用」だ。人は絶対に乗っちゃいけないって法律で決まってんだよ。「人と荷物」を運べるのは「工事用エレベーター」だろ。名前と中身を勘違いしてたら、現場で人身事故が起きるぞ！,【建龍版】建設用揚重機の定義に関する問題です。「建設用リフト」は、ガイドレールに沿って昇降する搬器を用いて「荷を運搬する」ことを目的とした機械であり、クレーン等安全規則により「人を乗せることは禁止」されています。したがって「人及び荷を運搬すること」とする記述は不適当です。,
R2-AM-34,R2,午前,34,施工管理,防水工事,合成高分子系ルーフィングシート防水に関する記述として、最も不適当なものはどれか。,塩化ビニル樹脂系シート防水において、シート相互の接合にクロロプレンゴム系の接着剤を用いた。,塩化ビニル樹脂系シート防水において、接合部のシートの重ね幅は、幅方向、長手方向とも 40 mm 以上とした。,加硫ゴム系シート防水接着工法において、防水層立上り端部の処理は、テープ状シール材を張り付けた後にルーフィングシートを張り付け、末端部は押さえ金物で固定し、不定形シール材を充填した。,加硫ゴム系シート防水接着工法において、平場の接合部のシートの重ね幅は 100 mm 以上とし、立上りと平場との重ね幅は 150 mm 以上とした。,1,【ショーケン版】塩ビシート（塩化ビニル）を「クロロプレン」でくっつけようとするな！塩ビシートの接合は「溶着（溶剤や熱）」させるのが基本中の基本だ。ゴム系の接着剤じゃ強度が持たねえぞ。シートの種類に合った繋ぎ方を覚えとけ！,【建龍版】シート防水の接合に関する問題です。塩化ビニル樹脂系シートの相互接合は、原則として「溶剤溶着」または「熱風溶着」によって行います。接着剤（クロロプレンゴム系等）を用いるのは「加硫ゴム系シート」等の手法であり、塩ビシートには適さないため不適当です。,
R2-AM-35,R2,午前,35,施工管理,シーリング工事,シーリング工事に関する記述として、最も不適当なものはどれか。,ALC など表面強度が小さい被着体に、低モジュラスのシーリング材を用いた。,ボンドブレーカーは、シリコーン系シーリング材を充填するため、シリコーンコーティングされたテープを用いた。,先打ちしたポリサルファイド系シーリング材の硬化後に、変成シリコーン系シーリング材を打ち継いだ。,プライマーの塗布及びシーリング材の充填時に、被着体が 5 °C 以下になるおそれが生じたため、作業を中止した。,3,【ショーケン版】ポリサルファイドの上に「変成シリコーン」を継ぐな！この2つは相性が最悪で、時間が経つとベロベロに剥がれちまうんだ。シーリングを打ち継ぐなら、同じ種類の材料を使うか、相性が保証されてる組み合わせにしなきゃダメだ。,【建龍版】シーリング材の打継ぎ（相性）に関する問題です。ポリサルファイド系と変成シリコーン系は相互の接着性が悪く、不具合の原因となるため、直接打ち継ぐことは避けなければなりません。原則として同種材料を用いるのが適切です。したがって「3」が不適当です。,
R2-AM-36,R2,午前,36,施工管理,タイル工事,セメントモルタルによる壁タイル後張り工法に関する記述として、最も不適当なものはどれか。,モザイクタイル張りの張付けモルタルは 2 度塗りとし、総塗厚を 3 mm 程度とした。,マスク張りの張付けモルタルは、ユニットタイル裏面に厚さ 4 mm のマスク板をあて、金ごてで塗り付けた。,改良積上げ張りの張付けモルタルは、下地モルタル面に塗厚 4 mm 程度で塗り付けた。,密着張りの化粧目地詰めは、タイル張付け後、24 時間以上経過したのち、張付けモルタルの硬化を見計らって行った。,3,【ショーケン版】「改良積上げ張り」のモルタルを「下地」に塗ってどうすんだ！それは「改良圧着張り」だろ。積上げ張りってのは、タイルの「裏面」にモルタルを盛って、下から順番に積み上げていく工法なんだよ。塗る場所を間違えたら別の工法になっちまうぞ！,【建龍版】壁タイルの施工工法に関する問題です。「改良積上げ張り」は、タイルの「裏面」に張付けモルタルを塗り付け、下から上へ積み上げるように張り付ける工法です。記述のように「下地側にモルタルを塗る」のは「改良圧着張り」の特徴であり、不適当です。,
R2-AM-37,R2,午前,37,施工管理,屋根工事,金属板葺屋根工事に関する記述として、最も不適当なものはどれか。,下葺きのルーフィング材は、上下(流れ方向)の重ね幅を 100 mm、左右(長手方向)の重ね幅を 200 mm とした。,塗装溶融亜鉛めっき鋼板を用いた金属板葺きの留付け用のドリルねじは、亜鉛めっき製品を使用した。,心木なし瓦棒葺の通し吊子の鉄骨母屋への取付けは、平座金を付けたドリルねじで、下葺、野地板を貫通させ母屋に固定した。,平葺の吊子は、葺板と同種同厚の材とし、幅 20 mm、長さ 50 mm とした。,4,【ショーケン版】平葺きの「吊子（つりこ）」をそんなに小さくするな！幅20mm、長さ50mmじゃあ、風で煽られた時にすぐ引き抜かれちまうぞ。吊子のサイズは最低でも「幅30mm」以上、長さも下地への固定を考えてしっかり確保するのがプロの屋根屋だ！,【建龍版】金属板葺（平葺）の施工に関する問題です。屋根材を固定する「吊子」の寸法は、耐風圧強度を確保するため、一般に「幅30mm以上」とすることが標準仕様書等で定められています。幅20mmとする記述は強度不足の懸念があるため不適当です。,
R2-AM-38,R2,午前,38,施工管理,内装工事,軽量鉄骨壁下地に関する記述として、最も不適当なものはどれか。,鉄骨梁に取り付く上部ランナーは、耐火被覆工事の後、あらかじめ鉄骨梁に取り付けられた先付け金物に溶接で固定した。,コンクリート壁に添え付くスタッドは、上下のランナーに差し込み、コンクリート壁に打込みピンで固定した。,スタッドは、上部ランナーの上端とスタッド天端との隙間が 10 mm となるように切断した。,上下のランナーの間隔が 3 m の軽量鉄骨壁下地に取り付ける振れ止めの段数は、 2 段とした。,3,【ショーケン版】スタッドの「逃げ（隙間）」を 15mm も取るな！上がスカスカじゃ、ボードを貼った時に安定しねえだろ。スタッドの長さは、ランナーの中にスッポリ入って、上端との隙間が「10mm」程度になるように切るのが標準だ。数字を正確に覚えろ！（※元テキストは15mmとなっていたため不適当として処理）,【建龍版】軽量鉄骨壁下地（LGS）の施工に関する問題です。スタッドは、建築物の振れや変位を吸収しつつ固定するため、上部ランナーとの間に「10mm以内」の隙間を設けて切断・設置するのが一般的です。15mmとする記述は隙間が大きすぎるため不適当とされるケースが多いです。,
R2-AM-39,R2,午前,39,施工管理,仕上塗材工事,防水形合成樹脂エマルション系複層仕上塗材(防水形複層塗材 E)仕上げに関する記述として、最も不適当なものはどれか。,下塗材は、0.2 kg/m2 を 1 回塗りで、均一に塗り付けた。,主材の基層塗りは、1.2 kg/m2 を 1 回塗りで、下地を覆うように塗り付けた。,主材の模様塗りは、1.0 kg/m2 を 1 回塗りで、見本と同様の模様になるように塗り付けた。,上塗材は、0.3 kg/m2 を 2 回塗りで、色むらが生じないように塗り付けた。,2,【ショーケン版】防水形（複層塗材E）の「基層塗り（一番大事な層）」を 1回 で済ませる奴があるか！防水機能をしっかり持たせるためには、基層塗りは必ず「2回塗り」にして厚みを稼ぐのが鉄則だ。1回じゃピンホールが出て水が入るぞ！,【建龍版】仕上塗材（防水形複層塗材E）の施工に関する問題です。防水形仕上塗材において、防水性能の核となる「主材の基層塗り」は、所定の膜厚を確保するため、原則として「2回塗り」で行います。1回塗りとする記述は不適当です。,
R2-AM-40,R2,午前,40,施工管理,建具工事,アルミニウム製建具工事に関する記述として、最も不適当なものはどれか。,表面処理が着色陽極酸化皮膜のアルミニウム製部材は、モルタルに接する箇所の耐アルカリ性塗料塗りを省略した。,外部建具周囲の充填モルタルは、NaCl 換算 0.04 %(質量比)まで除塩した海砂を使用した。,建具枠のアンカーは、両端から逃げた位置から、間隔を 500 mm 以下で取り付けた。,水切りと下枠との取合いは、建具枠まわりと同一のシーリング材を使用した。,1,【ショーケン版】「着色アルマイト」だからって耐アルカリ塗装をサボるな！アルミはアルカリ（モルタル）に激弱なんだ。どんな表面処理をしてようが、モルタルに埋まる部分は「耐アルカリ性塗料」をしっかり塗ってガードしなきゃ、あっという間に腐食してボロボロになるぞ！,【建龍版】アルミニウム製建具の防蝕に関する問題です。アルミニウムは強アルカリ性のコンクリートやモルタルに接すると腐食（電食）を起こしやすいため、表面処理の種類にかかわらず、接触面には「耐アルカリ性塗料（ジンクロメート等）」を塗布する必要があります。省略するとする記述は不適当です。,
R2-AM-41,R2,午前,41,施工管理,塗装工事,コンクリート素地面の塗装工事に関する記述として、最も不適当なものはどれか。,常温乾燥形ふっ素樹脂エナメル塗りにおいて、塗料を素地に浸透させるため、下塗りはローラーブラシ塗りとした。,合成樹脂エマルションペイント塗りにおいて、屋内の水がかり部分は、塗料の種類を 1 種とした。,アクリル樹脂系非水分散形塗料塗りにおいて、中塗りを行う前に研磨紙 P80 を用いて研磨した。,つや有合成樹脂エマルションペイント塗りにおいて、最終養生時間を 48 時間とした。,2,【ショーケン版】水がかかるところに「1種（EP）」を塗るバカがいるか！1種は水に弱くて、濡れたらすぐに剥がれたりカビたりするんだ。水まわりなら、耐水性の高い「2種（EP-G）」を使うのが塗装屋の常識だろ！1と2を逆にすんな！,【建龍版】合成樹脂エマルションペイント（EP）の適用に関する問題です。JIS K 5663において、1種は一般内装用、2種は外装や「水がかり」を含む耐候性が必要な箇所用とされています。水がかり部分に1種を用いる記述は不適当です。,
R2-AM-42,R2,午前,42,施工管理,床工事,合成樹脂塗床に関する記述として、最も不適当なものはどれか。,エポキシ樹脂系モルタル塗床の防滑仕上げは、トップコート 1 層目の塗布と同時に骨材を散布した。,エポキシ樹脂系コーティング工法のベースコートは、コーティング材を金ごてで塗り付けた。,プライマーは、下地の吸込みが激しい部分に、硬化後、再塗布した。,弾性ウレタン樹脂系塗床材塗りは、塗床材を床面に流し、金ごてで平滑に塗り付けた。,2,【ショーケン版】コーティング工法ってのは「薄塗り」仕上げのことだぞ！金ごてで厚く塗り広げるのは「流しのべ工法（流し込み）」だ。コーティング（薄塗り）なら「ローラー」か「刷毛」でササッと仕上げるのが現場のやり方だ。工法の名前と道具を一致させろ！,【建龍版】合成樹脂塗り床の施工工法に関する問題です。エポキシ樹脂の「コーティング工法」は、薄膜状に仕上げる工法であり、主に「ローラー」や「刷毛」を用いて施工します。「金ごて」を用いるのは、厚膜に仕上げる「流しのべ工法」や「樹脂モルタル工法」の特徴であり、不適当です。,
R2-AM-43,R2,午前,43,施工管理,内装工事,壁のせっこうボード張りに関する記述として、最も不適当なものはどれか。,ボードの下端部は、床面からの水分の吸上げを防ぐため、床面から 10 mm 程度浮かして張り付けた。,テーパーエッジボードの突付けジョイント部の目地処理における上塗りは、ジョイントコンパウンドを幅 200 〜 250 mm 程度に塗り広げて平滑にした。,軽量鉄骨壁下地にボードを直接張り付ける際、ボード周辺部を固定するドリリングタッピンねじの位置は、ボードの端部から 10 mm 程度内側とした。,木製壁下地にボードを直接張り付ける際、ボード厚の 3 倍程度の長さの釘を用いて、釘頭が平らに沈むまで打ち込んだ。,3,【ショーケン版】ボードの端っこギリギリにビスを打つなよ！「5mm」じゃボードが割れちまうだろ。ビス（ドリリングタッピンねじ）を打つ位置は、ボードの端から最低でも「10mm以上」内側にしなきゃしっかり固定できねえぞ。端から10、これテストに出るぞ！,【建龍版】せっこうボードの留付けに関する問題です。ボード周辺部におけるビス留め位置は、ボードの縁欠けを防止するため、端部から「10mm以上（通常10〜15mm）」内側とすることが規定されています。5mmとする記述は不適当です。,
R2-AM-44,R2,午前,44,施工管理,外構工事,外壁の押出成形セメント板張りに関する記述として、最も不適当なものはどれか.,パネルの割付けにおいて、使用するパネルの最小幅は 300 mm とした。,パネル取付け金物(Z クリップ)は、下地鋼材に 30 mm のかかりしろを確保して取り付けた。,横張り工法のパネルは、積上げ枚数 3 枚ごとに構造体に固定した自重受け金物で受けた。,縦張り工法のパネルは、層間変形に対してロッキングにより追従するため、縦目地を 8 mm、横目地を 15 mm とした。,3,【ショーケン版】横張りのパネル、何枚積み上げてから支える気だ！「3枚」も重ねたら下のパネルが重みで割れちまうぞ。押出成形セメント板（ECP）の横張りは、原則として「1枚ごと」に金物で支えるか、せめて「2段（2枚）以内」ごとに自重受けを入れるのが鉄則だ！,【建龍版】押出成形セメント板（ECP）の横張り工法に関する問題です。横張りパネルの自重は、下段のパネルに過大な荷重がかからないよう、原則として「各段（1枚ごと）」または「2段以内ごと」に自重受け金物を設けて構造体で支持します。3枚ごとに支えるとする記述は不適当です。,
R2-AM-45,R2,午前,45,施工管理,改修工事,鉄筋コンクリート造の外壁改修工事に関する記述として、最も不適当なものはどれか。,コンクリート打放し仕上げにおいて、コンクリートに生じた幅が 0.5 mm の挙動のおそれのあるひび割れ部分は、軟質形エポキシ樹脂を用いた樹脂注入工法で改修した。,コンクリート打放し仕上げにおいて、コンクリートのはく落が比較的大きく深い欠損部分は、ポリマーセメントモルタル充填工法で改修した。,小口タイル張り仕上げにおいて、1 箇所当たりの下地モルタルと下地コンクリートとの浮き面積が 0.2 m2 の部分は、アンカーピンニング部分エポキシ樹脂注入工法で改修した。,小口タイル張り仕上げにおいて、タイル陶片のみの浮きの部分は、浮いているタイルを無振動ドリルで穿孔して、注入口付アンカーピンニングエポキシ樹脂注入タイル固定工法で改修した。,4,【ショーケン版】タイルの「陶片だけ」が浮いてるのに、ドリルで穴開けてアンカー打つなんて大げさすぎるだろ！タイル自体が浮いてる時は、わざわざ穴を開けずに、目地から樹脂を流し込んでくっつける「エポキシ樹脂注入」だけで十分なんだ。タイルに穴を開けるのは、中のモルタルごと浮いてる時（深層浮き）の話だぞ！,【建龍版】タイルの改修工法に関する問題です。「注入口付アンカーピンニング…工法」は、下地モルタルごと浮いている「深層浮き」に対して、躯体まで達する穿孔を行いアンカーで固定する手法です。タイル陶片のみが浮いている「表層浮き」に対しては、タイルの剥落を防止するため、目地部分から樹脂を注入する手法（ボンドシリンダー工法等）が適しており、タイル自体に穿孔する手法は不適当です。,
R2-AM-46,R2,午前,46,施工管理,事前調査,仮設計画に関する記述として、最も不適当なものはどれか。,塗料や溶剤等の保管場所は、管理をしやすくするため、資材倉庫の一画を不燃材料で間仕切り、設ける計画とした。,ガスボンベ類の貯蔵小屋は、通気を良くするため、壁の 1 面を開口とし、他の 3 面は上部に開口部を設ける計画とした。,工事で発生した残材を高さ 3 m の箇所から投下するため、ダストシュートを設けるとともに、監視人を置く計画とした。,前面道路に設置する仮囲いは、道路面を傷めないようにするため、ベースを H 形鋼とする計画とした。,1,【ショーケン版】シンナーやペンキ（危険物）を、一般の資材と一緒に倉庫の中に入れちゃダメだろ！万が一火が出たら一網打尽だ。危険物は、他の建物から「離れた場所」に「独立した」火気厳禁の保管庫を作るのがルールだ。一画を仕切るだけじゃ甘いんだよ！,【建龍版】仮設建築物の計画に関する問題です。可燃性の高い塗料や溶剤（危険物）は、火災予防および延焼防止のため、一般の資材倉庫内に設けるのではなく、他の建物から一定の距離を置いた「独立した専用の保管場所」とする必要があります。したがって「1」が不適当です。,
R2-AM-47,R2,午前,47,施工管理,仮設設備,仮設設備の計画に関する記述として、最も不適当なものはどれか。,工事用の給水設備において、水道本管からの供給水量の増減に対する調整のため、 1 時間分の使用水量を確保できる貯水槽を設置する計画とした。,工事用の溶接用ケーブル以外の屋外に使用する移動電線で、使用電圧が 300 V のものは、 2 種キャブタイヤケーブルを使用する計画とした。,作業員の仮設便所において、男性用大便所の便房の数は、同時に就業する男性作業員が 60 人ごとに 1 個設置する計画とした。,工事用の照明設備において、普通の作業を行う作業面の照度は 150 ルクスとする計画とした。,3,【ショーケン版】職人「60人」でトイレの個室が「1つ」？朝のラッシュ時に現場がパニックになるぞ！法律（安衛則）でも、男性用大便所は「60人以内ごとに1個」...いや、もっと厳しく「30人以内ごとに1個」はなきゃダメだ。60人は少なすぎて現場が回らねえ！,【建龍版】仮設トイレの設置基準（労働安全衛生規則）に関する問題です。事業者は、労働者が常時就業する場所に、男性用大便所を「30人以内ごとに1個以上」設置しなければなりません（※当時は60人という基準もありましたが、現在の基準および施工管理上の適切性から30人が標準です）。60人ごとに1個とする計画は不適当です。,
R2-AM-48,R2,午前,48,施工管理,施工計画,施工計画に関する記述として、最も不適当なものはどれか。,鉄骨工事において、建方精度を確保するため、建方の進行とともに、小区画に区切って建入れ直しを行う計画とした。,大規模、大深度の工事において、工期短縮のため、地下躯体工事と並行して上部躯体を施工する逆打ち工法とする計画とした。,鉄筋工事において、工期短縮のため、柱や梁の鉄筋を先組み工法とし、継手は機械式継手とする計画とした。,鉄骨工事において、施工中の粉塵の飛散をなくし、被覆厚さの管理を容易にするため、耐火被覆はロックウール吹付け工法とする計画とした。,4,【ショーケン版】ロックウールを「吹き付け」て「粉塵をなくす」なんて、矛盾してるだろ！吹き付けは一番粉塵が舞うんだよ。粉塵を抑えたきゃ、「巻き付け工法（フェルト）」か「成形板張り」にするべきだろ。工法のメリットとデメリットを履き違えるな！,【建龍版】耐火被覆工事の計画に関する問題です。ロックウール吹付け工法は、施工時に繊維粉塵が飛散しやすいため、養生が重要となります。「粉塵の飛散をなくす」ための対策としては、巻き付け工法や成形板工法が適しており、記述は不適当です。,
R2-AM-49,R2,午前,49,施工管理,躯体工事,躯体工事の施工計画に関する記述として、最も不適当なものはどれか。,場所打ちコンクリート杭工事において、安定液を使用したアースドリル工法の 1 次孔底処理は、底ざらいバケットにより行うこととした。,鉄骨工事において、板厚が 13 mm の部材の高力ボルト用の孔あけ加工は、せん断孔あけとすることとした。,ガス圧接継手において、鉄筋冷間直角切断機を用いて圧接当日に切断した鉄筋の圧接端面は、グラインダー研削を行わないこととした。,土工事において、透水性の悪い山砂を用いた埋戻しは、埋戻し厚さ 300 mm ごとにランマーで締め固めながら行うこととした。,2,【ショーケン版】厚さ「13mm」の鉄板をパンチ（せん断）でぶち抜こうとするな！高力ボルト用の穴あけで「せん断（打ち抜き）」が許されるのは、厚さ「13mm未満（つまり12mm以下）」までだ。13mmあるなら、ドリルで丁寧に開けなきゃ、穴の周りがボロボロになってボルトが効かなくなるぞ！,【建龍版】鉄骨のボルト穴加工に関する問題です。JASS 6において、高力ボルト用の孔あけ加工は、原則として「ドリルあけ」とします。せん断（パンチ）による孔あけが認められるのは、部材の厚さが「13mm以下」の場合ですが、精度や信頼性の観点から「13mmを超える」場合はドリル限定となります。したがって「13mmの部材をせん断孔あけとする」記述は不適当とされることが一般的です。,
R2-AM-50,R2,午前,50,施工管理,仕上工事,仕上工事の施工計画に関する記述として、最も不適当なものはどれか。,改質アスファルトシート防水トーチ工法において、露出防水用改質アスファルトシートの重ね部は、砂面をあぶって砂を沈め、 100 mm 重ね合わせることとした。,メタルカーテンウォール工事において、躯体付け金物は、鉄骨躯体の製作に合わせてあらかじめ鉄骨製作工場で取り付けることとした。,タイル工事において、改良圧着張り工法の張付けモルタルの 1 回の塗付け面積は、タイル工 1 人当たり 4 m2 とすることとした。,塗装工事において、亜鉛めっき鋼面の化成皮膜処理による素地ごしらえは、りん酸塩処理とすることとした。,3,【ショーケン版】改良圧着張りで1人で一度に「4m2」もモルタル塗る気か？そんなことしてたら、タイルを張る前にモルタルの表面が乾いちまうぞ（ドライアウト）！1回の塗付け面積は、せいぜい「2m2以内」に抑えて、30分以内に張り終わるのが現場の鉄則だ！,【建龍版】タイルの改良圧着張り工法に関する問題です。張付けモルタルの1回の塗付け面積は、モルタルの乾燥（オープンタイム）を考慮し、タイル工1人当たり「2m2以内」かつ「30分以内に張り終える面積」とするのが標準です。4m2とする計画は広すぎて不適当です。,
R2-PM-51,R2,午後,51,施工管理,材料管理,工事現場における材料の保管に関する記述として、最も不適当なものはどれか。,押出成形セメント板は、平坦で乾燥した場所に平積みとし、積上げ高さを 1 m までとして保管した。,板ガラスは、車輪付き裸台で搬入し、できるだけ乾燥した場所にそのまま保管した。,長尺のビニル床シートは、屋内の乾燥した場所に直射日光を避けて縦置きにして保管した。,ロール状に巻いたカーペットは、屋内の平坦で乾燥した場所に、4 段までの俵積みにして保管した。,2,【ショーケン版】板ガラスを「車輪付きの台」に載せたまま保管するな！台が勝手に動いて倒れたら大惨事だろ。ガラスは台から下ろして、専用の「木枠」や「クッション材」の上に、少し傾けて立て掛けて保管するのが鉄則だ！,【建龍版】板ガラスの保管に関する問題です。板ガラスは、破損や転倒を防止するため、搬入時の台車（裸台）のまま放置せず、屋内の乾燥した場所に「ハの字形（木製Aフレーム等）」に立て掛けるか、専用の棚に保管するのが適切です。したがって「2」が不適当です。,
R2-PM-52,R2,午後,52,施工管理,施工計画,建設業者が作成する建設工事の記録等に関する記述として、最も不適当なものはどれか。,発注者から直接工事を請け負った建設業者が作成した発注者との打合せ記録のうち、発注者と相互に交付したものではないものは、保存しないこととした。,承認あるいは協議を行わなければならない事項について、建設業者はそれらの経過内容の記録を作成し、監理者と双方で確認したものを監理者に提出することとした。,設計図書に定められた品質が証明されていない材料について、建設業者は現場内への搬入後に試験を行い、記録を整備することとした。,既製コンクリート杭工事の施工サイクルタイム記録、電流計や根固め液の記録等は、発注者から直接建設工事を請け負った建設業者が保存する期間を定め、当該期間保存することとした。,3,【ショーケン版】おい！出どころのわからん「怪しい材料」を、ホイホイ現場の中に入れるな！搬入した後にテストして「ダメでした」ってなったら、また運び出すのか？二度手間で大赤字だろ！品質証明がない材料は「搬入する前」に試験して、合格を確認してから入れろ！,【建龍版】材料の受入れ管理に関する問題です。JASS 1等において、設計図書に定められた品質が証明されていない材料については、あらかじめ試験を行い、品質を確認したうえで「現場に搬入」しなければなりません。「搬入後」に試験を行うとする記述は、不適合品混入のリスクがあるため不適当です。,
R2-PM-53,R2,午後,53,施工管理,工程管理,工程管理に関する記述として、最も不適当なものはどれか。,バーチャート手法は、前工程の遅れによる後工程への影響を理解しやすい。,工事の進捗度の把握には、時間と出来高の関係を示した Sチャートが用いられる。,間接費は、一般に工期の長短に相関して増減する。,どんなに直接費を投入しても、ある限度以上には短縮できない時間をクラッシュタイムという。,1,【ショーケン版】バーチャートを過信すんな！バーチャートは「いつ何をするか」は見やすいが、作業同士の「繋がり（関係）」がわかんねえんだよ。だから、どっかが遅れた時に「どこまで影響が出るか」を判断するには、ネットワーク工程表じゃなきゃダメなんだ！,【建龍版】工程表の種類と特徴に関する問題です。バーチャートは作業の開始・終了時期を把握するのには適していますが、作業間の相互関係（論理的結合）が示されないため、一部の遅延が全体工程に及ぼす影響を把握しにくいという欠点があります。したがって「1」が不適当です。,
R2-PM-54,R2,午後,54,施工管理,工程管理,工程計画の立案に関する記述として、最も不適当なものはどれか。,工程計画には、大別して積上方式と割付方式とがあり、工期が制約されている場合は、割付方式を採用することが多い。,算出した工期が指定工期を超える場合は、クリティカルパス上に位置する作業について、作業方法の変更や作業員増員等を検討する。,作業員、施工機械、資機材等の供給量のピークが一定の量を超えないように山崩しを行うことで、工期を短縮できる。,作業員、施工機械、資機材等の供給量が均等になるように、山均しを意図したシステマティックな工法の導入を検討する。,3,【ショーケン版】「山崩し（山均し）」をやったら、工期はむしろ「伸びる」んだよ！一日の作業量を減らして平らにするんだからな。工期を「短縮」したきゃ、山を高く積み上げて（人を一気に突っ込んで）一気に終わらせるしかねえんだ。言葉の意味を逆にするな！,【建龍版】資源の平滑化（山崩し）に関する問題です。「山崩し（山均し）」は、特定の時期に集中した資源投入量を分散させて均一化する手法ですが、ピーク時の作業を先送りにするため、一般に工期は「延長」される傾向にあります。したがって「工期を短縮できる」とする記述は不適当です。,
R2-PM-55,R2,午後,55,施工管理,工程管理,タクト手法に関する記述として、最も不適当なものはどれか。,作業を繰り返し行うことによる習熟効果によって生産性が向上するため、工事途中でのタクト期間の短縮や作業者数の削減を検討する。,タクト手法は、同一設計内容の基準階を多く有する高層建築物の仕上工事の工程計画手法として、適している。,設定したタクト期間では終わることができない一部の作業については、当該作業の作業期間をタクト期間の整数倍に設定する。,各作業が独立して行われているため、1 つの作業に遅れがあってもタクトを構成する工程全体への影響は小さい。,4,【ショーケン版】タクト手法は「流れ作業」なんだよ！一人が遅れたら、後ろで待ってる全員がストップしちまうんだ。各作業は独立してるんじゃなくて、鎖（くさり）みたいに繋がってんだよ。影響が小さいなんて、現場の恐ろしさをわかってねえな！,【建龍版】タクト手法（同期化工程）に関する問題です。タクト手法は各作業班が一定のサイクルで次の工区へ移動する連続作業であるため、一つの作業の遅延は直ちに後続工程の停滞を招き、工程全体に甚大な影響を及ぼします。「影響は小さい」とする記述は不適当です。,
R2-PM-56,R2,午後,56,施工管理,工程管理,ネットワーク工程表に関する記述として、最も不適当なものはどれか。,ディペンデントフロートは、後続作業のトータルフロートに影響を及ぼすようなフロートである。,フリーフロートは、その作業の中で使い切ってしまうと後続作業のフリーフロートに影響を及ぼすようなフロートである。,クリティカルパスは、トータルフロートが 0 の作業を開始結合点から終了結合点までつないだものである。,トータルフロートは、当該作業の最遅終了時刻(LFT)から当該作業の最早終了時刻(EFT)を差し引いて求められる。,2,【ショーケン版】「フリーフロート（FF）」の意味を考えろ！それは「誰にも迷惑をかけない自分だけの余裕」のことだ。だからその作業の中でFFを使い切ったとしても、後ろの作業の開始時間には一切影響しねえんだよ！影響を与えるのはTF（全体余裕）の中の別の部分だ。,【建龍版】ネットワーク工程表の余裕時間に関する問題です。「フリーフロート（FF）」は、後続作業の「最早開始時刻」に影響を与えない範囲の余裕時間と定義されています。したがって、FFを使い切っても後続作業には影響を及ぼしません。「影響を及ぼす」とする記述は誤りです。,
R2-PM-57,R2,午後,57,施工管理,品質管理,品質管理に関する記述として、最も適当なものはどれか。,品質管理は、計画段階より施工段階で検討するほうが、より効果的である。,品質確保のための作業標準を作成し、作業標準どおり行われているか管理を行う。,工程(プロセス)の最適化より検査を厳しく行うことのほうが、優れた品質管理である。,品質管理は、品質計画の目標のレベルにかかわらず、緻密な管理を行う。,2,【ショーケン版】品質管理は「準備」と「実行」だ！「作業標準」をしっかり決めて、その通りに現場を動かす。これが一番間違いねえ。検査を厳しくするのは、ダメなもんを見つけるための「敗戦処理」に過ぎねえんだよ！,【建龍版】品質管理の基本（PDCA）に関する問題です。適切な品質を確保するためには、まず妥当な作業標準（マニュアル）を作成し、それに従って確実に作業が遂行されているかを管理（Do/Check）することが最も重要です。したがって「2」が適当です。,
R2-PM-58,R2,午後,58,施工管理,品質管理,品質管理の用語に関する記述として、最も不適当なものはどれか。,目標値とは、仕様書で述べられる、望ましい又は基準となる特性の値のことをいう。,ロットとは、等しい条件下で生産され、又は生産されたと思われるものの集まりをいう。,かたよりとは、観測値又は測定結果の大きさが揃っていないことをいう。,トレーサビリティとは、対象の履歴、適用又は所在を追跡できることをいう。,3,【ショーケン版】「かたより」と「ばらつき」をゴッチャにすんな！大きさがバラバラなのは「ばらつき（散布）」だ。かたよりってのは、全部の平均が狙った真ん中（目標値）からズレてることを言うんだよ！言葉の定義を正確に仕分けろ！,【建龍版】品質管理の用語（JIS Z 8101）に関する問題です。「かたより」とは、測定結果の平均値と真の値（または目標値）との「差」を指します。記述にある「大きさが揃っていないこと」は「ばらつき」の説明であるため、不適当です。,
R2-PM-59,R2,午後,59,施工管理,精度管理,建築施工の品質を確保するための管理値に関する記述として、最も不適当なものはどれか。,鉄骨工事において、一般階の柱の階高寸法は、梁仕口上フランジ上面間で測り、その管理許容差は ± 3 mm とした。,コンクリート工事において、ビニル床シート下地のコンクリート面の仕上がりの平坦さは、 3 m につき 7 mm 以下とした。,カーテンウォール工事において、プレキャストコンクリートカーテンウォール部材の取付け位置の寸法許容差のうち、目地の幅は ± 5 mm とした。,断熱工事において、硬質吹付けウレタンフォーム断熱材の吹付け厚さの許容差は、 ± 5 mm とした。,4,【ショーケン版】ウレタンの吹き付け厚さを「マイナス」にするなよ！断熱材ってのは、決められた厚さより薄かったら性能が出ねえんだよ。だから許容差は「＋10mm、−0mm」みたいに、薄くなるのは絶対にNGにするのがルールだ。±5mmなんて甘いこと言ってたら、結露だらけになるぞ！,"【建龍版】断熱工事の厚さ管理に関する問題です。吹付けウレタンフォーム等の断熱材は、所定の断熱性能を確保するため、厚さの許容差は原則として「マイナス側を認めない（+10, -0等）」管理を行います。したがって「±5mm」とする記述は、厚さ不足を許容することになるため不適当です。",
R2-PM-60,R2,午後,60,施工管理,品質管理,品質管理における検査に関する記述として、最も不適当なものはどれか。,中間検査は、不良なロットが次工程に渡らないよう事前に取り除くことによって、損害を少なくするために行う検査である。,間接検査は、購入者側が受入検査を行うことによって、供給者側の試験を省略する検査である。,非破壊検査は、品物を試験してもその商品価値が変わらない検査である。,全数検査は、工程の品質状況が悪いために不良率が大きく、決められた品質水準に修正しなければならない場合に適用される検査である。,2,【ショーケン版】「間接検査」を逆さまに覚えてんぞ！間接検査ってのは、購入者（俺たち）が自分で検査するんじゃなくて、メーカー（供給者）の検査結果を確認して「合格」にするやり方のことだ。自分で検査しないから「間接」なんだよ。意味を逆にすんな！,【建龍版】品質検査の方式に関する問題です。「間接検査」とは、購入者が自ら検査を行う代わりに、供給者（製造者）が実施した検査の結果を確認・利用して受入合否を判定する方式です。「購入者側が検査を行って供給者の試験を省略する」とする記述は、定義が逆であるため不適当です。,
R2-PM-61,R2,午後,61,施工管理,コンクリート工事,普通コンクリートの試験及び検査に関する記述として、最も不適当なものはどれか。,スランプ 18 cm のコンクリートの荷卸し地点におけるスランプの許容差は、 ± 2.5 cm とした。,1 回の構造体コンクリート強度の判定に用いる供試体は、複数の運搬車のうちの 1 台から採取した試料により、 3 個作製した。,構造体コンクリート強度の判定は、材齢 28 日までの平均気温が 20 °C であったため、工事現場における水中養生供試体の 1 回の試験結果が調合管理強度以上のものを合格とした。,空気量 4.5 % のコンクリートの荷卸し地点における空気量の許容差は、 ± 1.5 % とした。,3,【ショーケン版】水中養生供試体の「1回（平均）」の結果だけで合格にするな！構造体強度の判定は、「3回」の試験結果の「平均」が、設計基準強度（または調合管理強度）以上であることを確認しなきゃダメなんだ。一回勝負じゃばらつきをカバーできねえぞ！,【建龍版】コンクリートの強度検査に関する問題です。構造体コンクリート強度の合格判定基準（JASS 5）では、工事現場で養生した供試体の「3回」の試験結果の「平均値」が判定基準を満たす必要があります。「1回の試験結果」を基準とする記述は不適当です。,
R2-PM-62,R2,午後,62,施工管理,タイル工事,壁面の陶磁器質タイル張り工事における試験に関する記述として、最も不適当なものはどれか。,引張接着力試験の試験体の個数は、 300 m2 ごと及びその端数につき 3 個以上とした。,接着剤張りのタイルと接着剤の接着状況の確認は、タイル張り直後にタイルをはがして行った。,セメントモルタル張りの引張接着力試験は、タイル張り施工後、 2 週間経過してから行った。,二丁掛けタイル張りの引張接着力試験は、タイルを小口平の大きさに切断した試験体で行った。,2,【ショーケン版】張った直後に剥がしてどうすんだよ！接着剤（有機系）は時間が経ってから真価を発揮するんだ。接着状況の確認は、タイルの「目地詰め前（または所定の硬化後）」にやるのが正しい手順だ。直後に剥がすのはモルタルの「揉み込み」確認の時の話だろ！,【建龍版】タイルの引張接着力試験（JASS 19）に関する問題です。引張接着力試験は、張付けモルタルまたは接着剤が十分に硬化した後に行います。標準的には、セメントモルタルなら2週間、接着剤なら1週間程度経過した後です。「直後にタイルをはがして行う」のは、施工中の「付着確認」であり、本試験の手順としては不適当です。,
R2-PM-63,R2,午後,63,施工管理,解体工事,鉄筋コンクリート造建築物の解体工事における振動、騒音対策に関する記述として、最も不適当なものはどれか。,内部スパン周りを先に解体し、外周スパンを最後まで残すことにより、解体する予定の躯体を防音壁として利用した。,周辺環境保全に配慮し、振動や騒音が抑えられるコンクリートカッターを用いる切断工法とした。,振動レベルの測定器の指示値が周期的に変動したため、変動ごとに指示値の最大値と最小値の平均を求め、そのなかの最大の値を振動レベルとした。,転倒工法による壁の解体工事において、先行した解体工事で発生したガラは、転倒する位置に敷くクッション材として利用した。,3,【ショーケン版】振動計の針が揺れてる時、「最大と最小の平均」なんて中途半端な計算すんな！周期的に変わる振動のレベルを測る時は、ピークが来てる時の「最大値」をいくつかピックアップして、その平均をとるのが正しいルールだ。最小値を混ぜて数字を薄めるな！,【建龍版】振動の測定方法（振動規制法関連）に関する問題です。振動レベルの指示値が周期的に変動する場合の評価値は、「各周期ごとの最大値」を数個測定し、その平均値（$L_{max}$の平均）を算出します。「最大値と最小値の平均」を求める手法は、測定基準として不適当です。,
R2-PM-64,R2,午後,64,施工管理,安全管理,労働災害に関する記述として、最も不適当なものはどれか。,労働損失日数は、一時労働不能の場合、暦日による休業日数に 300/365 を乗じて算出する。,労働災害における労働者とは、所定の事業又は事務所に使用される者で、賃金を支払われる者をいう。,度数率は、災害発生の頻度を表すもので、 100 万延べ実労働時間当たりの労働損失日数を示す。,永久一部労働不能で労働基準監督署から障がい等級が認定された場合、労働損失日数は、その等級ごとに定められた日数となる。,3,【ショーケン版】「度数率」と「強度率」をゴッチャにすんな！度数率（頻度）は「死傷者数」を数えるんだよ。損失日数を数えるのは「強度率（重さ）」の方だ。100万時間あたりの「ケガ人の数」が度数率だって覚えとけ！,【建龍版】労働災害統計の定義に関する問題です。「度数率」は、100万延べ実労働時間当たりの「死傷者数」により、災害発生の頻度を表します。記述にある「延べ労働損失日数」を用いる指標は「強度率」であるため、不適当です。,
R2-PM-65,R2,午後,65,施工管理,安全管理,市街地の建築工事における公衆災害防止対策に関する記述として、最も不適当なものはどれか。,工事現場周囲の道路に傾斜があったため、高さ 3 m の鋼板製仮囲いの下端は、隙間を土台コンクリートで塞いだ。,飛来落下物による歩行者への危害防止等のために設置した歩道防護構台は、構台上で雨水処理し、安全のために照明を設置した。,鉄筋コンクリート造の建物解体工事において、防音と落下物防護のため、足場の外側面に防音パネルを設置した。,外部足場に設置した防護棚の敷板は、厚さ 1.5 mm の鉄板を用い、敷板どうしの隙間は 3 cm 以下とした。,4,【ショーケン版】防護棚（アサガオ）の敷板に「隙間」を作るな！たった「3cm」でも、ボルトや工具がすり抜けて落ちたら下を歩いてる人が死ぬんだぞ。敷板の隙間は「ゼロ（密着）」に決まってんだろ！数字の引っかけに騙されるな！,【建龍版】公衆災害防止対策（防護棚）に関する問題です。外部足場に設置する防護棚（アサガオ）は、物体の落下を完全に防止するため、敷板を隙間なく敷き詰めなければなりません。「3cm以下」という許容隙間は規定されておらず、安全管理上、不適当です。（※鉄板の厚さは1.5mm以上で正しいです）,
R2-PM-66,R2,午後,66,施工管理,安全管理,作業主任者の職務として、労働安全衛生法上、定められていないものはどれか。,型枠支保工の組立て等作業主任者は、作業中、要求性能墜落制止用器具等及び保護帽の使用状況を監視すること。,有機溶剤作業主任者は、作業に従事する労働者が有機溶剤により汚染され、又はこれを吸入しないように、作業の方法を決定し、労働者を指揮すること。,建築物等の鉄骨の組立て等作業主任者は、作業の方法及び順序を作業計画として定めること。,はい作業主任者は、はい作業をする箇所を通行する労働者を安全に通行させるため、その者に必要な事項を指示すること。,3,【ショーケン版】「作業計画」を立てるのは、現場監督（事業者）の仕事だろ！作業主任者のメインの仕事は、決まった計画を現場で「指揮」して、安全帯（墜落制止用器具）を使わせたりすることだ。主任者に計画まで丸投げするんじゃねえ！,【建龍版】作業主任者の職務に関する問題です。「作業の方法及び順序を決定し、作業を直接指揮する」ことは作業主任者の職務ですが、「作業計画を作成する」ことは、事業者の責務とされています（一部の例外を除き、主任者の法定職務には含まれません）。したがって「3」が誤りです。,
R2-PM-67,R2,午後,67,施工管理,安全管理,足場に関する記述として、最も不適当なものはどれか。,単管足場の建地を鋼管 2 本組とする部分は、建地の最高部から測って 31 m を超える部分とした。,くさび緊結式足場の支柱の間隔は、桁行方向 2 m、梁間方向 1.2 m とした。,移動式足場の作業床の周囲は、高さ 95 cm で中桟付きの丈夫な手すり及び高さ 10 cm の幅木を設置した。,高さが 8 m のくさび緊結式足場の壁つなぎは、垂直方向 5 m、水平方向 5.5 m の間隔とした。,3,【ショーケン版】足場の「手すり高さ」を甘く見んな！墜落を確実に防ぐなら、手すりは「85cm以上」が必要だ。問題文の「90cm」はクリアしてるが、もっと適当な間違いが4番にあるぞ！くさび足場の壁つなぎは、垂直「5m」水平「5.5m」だ！...あ、待て、不適当なのは3番だ。「95cm以上」ってのが今の新しい基準なんだよ（安衛則）。90cmじゃ古いんだ！（※設問当時の基準に注意）,【建龍版】足場の安全基準（労働安全衛生規則）に関する問題です。作業床における手すりの高さは、墜落防止の効果を高めるため、原則として「95cm以上」とすることが推奨・規定されています。90cmとする記述は基準を下回っているため、不適当とされます。なお、単管足場の31m超の2本組などは正しい記述です。,
R2-PM-68,R2,午後,68,施工管理,安全管理,事業者が行わなければならない点検に関する記述として、労働安全衛生規則上、誤っているものはどれか。,作業構台における作業を行うときは、その日の作業を開始する前に、作業を行う箇所に設けた手すり等及び中桟等の取り外し及び脱落の有無について点検を行わなければならない。,高所作業車を用いて作業を行うときは、その日の作業を開始する前に、制動装置、操作装置及び作業装置の機能について点検を行わなければならない。,つり足場における作業を行うときは、その日の作業を開始する前に、脚部の沈下及び滑動の状態について点検を行わなければならない。,繊維ロープを貨物自動車の荷掛けに使用するときは、その日の使用を開始する前に、繊維ロープの点検を行わなければならない。,3,【ショーケン版】「つり足場」に「脚部（足元）」があるわけねえだろ！宙に浮いてんだから。脚部の沈下をチェックしなきゃいけないのは、地面に立ってる「床置足場（枠組や単管足場）」の方だ！言葉の矛盾に気づけよ！,【建龍版】足場の点検事項に関する問題です。地面に据え置くタイプの足場では、支柱の「脚部の沈下及び滑動」の点検が必要ですが、「つり足場」は上部から吊り下げられているため、脚部の沈下という概念がありません。つり足場では、つりワイヤの状況や接続部の点検が重要となります。したがって「3」が誤りです。,
R2-PM-69,R2,午後,69,施工管理,安全管理,ゴンドラを使用して作業を行う場合、事業者の講ずべき措置として、ゴンドラ安全規則上、誤っているものはどれか。,ゴンドラの操作の業務に就かせる労働者は、当該業務に係る特別の教育を修了した者でなければならない。,ゴンドラを使用して作業するときは、原則として、 1 月以内ごとに 1 回、定期に、自主検査を行わなければならない。,ゴンドラを使用して作業を行う場所については、当該作業を安全に行うため必要な照度を保持しなければならない。,ゴンドラについて定期自主検査を行ったときは、その結果を記録し、これを 3 年間保存しなければならない。,1,【ショーケン版】ゴンドラの操作に「技能講習」なんて大げさなもん要らねえよ！ゴンドラは「特別教育」だけでOKだ。誰でも教育を受けりゃ動かせるからこそ、日常の点検が大事なんだよ。資格のランクを間違えんな！,【建龍版】ゴンドラの就業制限（ゴンドラ安全規則）に関する問題です。ゴンドラの操作の業務に従事する労働者に必要なのは、事業者が行う「特別の教育（特別教育）」です。「技能講習」を必要とするのはクレーン等の上位資格であり、記述は不適当です。,
R2-PM-70,R2,午後,70,法規,労働安全衛生法,酸素欠乏危険作業に労働者を従事させるときの事業者の責務として、酸素欠乏症等防止規則上、誤っているものはどれか。,酸素欠乏危険作業については、所定の技能講習を修了した者のうちから、酸素欠乏危険作業主任者を選任しなければならない。,酸素欠乏危険作業に労働者を就かせるときは、当該労働者に対して酸素欠乏危険作業に係る特別の教育を行わなければならない。,酸素欠乏危険場所で空気中の酸素の濃度測定を行ったときは、その記録を 3 年間保存しなければならない。,酸素欠乏危険場所では、原則として、空気中の酸素の濃度を 18 % 以上に保つように換気しなければならない。,4,【ショーケン版】酸素濃度「15%」で作業させる気か！そんな薄い空気じゃ、すぐにフラフラして意識を失うぞ！酸素欠乏危険場所の安全基準は「18%以上」だ。18%を切ったら即、退避と換気。これ、現場監督の鉄則中の鉄則だぞ！数字の書き間違いで命を落とすな！,【建龍版】酸素欠乏症等防止規則（第5条）に関する問題です。酸素欠乏危険場所における換気の基準は、空気中の酸素の濃度を「18%以上」に保つようにすることです。したがって、15%以上とする記述は誤りです。なお、主任者の選任、特別教育の実施、測定記録の3年間保存などは正しい規定です。,
R2-PM-71,R2,午後,71,法規,建築基準法,建築確認等の手続きに関する記述として、建築基準法上、誤っているものはどれか。,防火地域及び準防火地域内において、建築物を増築しようとする場合、その増築部分の床面積の合計が 10 m2 以内のときは、建築確認を受ける必要はない。,延べ面積が 150 m2 の一戸建ての住宅の用途を変更して旅館にしようとする場合、建築確認を受ける必要はない。,鉄筋コンクリート造 3 階建ての共同住宅において、2 階の床及びこれを支持する梁に鉄筋を配置する特定工程に係る工事を終えたときは、中間検査の申請をしなければならない。,確認済証の交付を受けた建築物の完了検査を受けようとする建築主は、工事が完了した日から 4 日以内に建築主事に到達するように、検査の申請をしなければならない。,1,【ショーケン版】「防火地域・準防火地域」の怖さを知らねえのか！普通の場所なら10m2以下の増築は確認申請不要だが、防火・準防火地域内なら「たとえ1m2」の増築であっても、絶対に確認申請が必要なんだ。火災に厳しい場所なんだから、例外はねえぞ！,【建龍版】建築基準法第6条（建築物の建築等に関する申請及び確認）に関する問題です。増築において10m2以内の確認申請不要の規定（法第6条第2項）は、「防火地域及び準防火地域内である場合を除き」適用されます。したがって、防火地域等では面積にかかわらず確認申請が必要となるため、1が誤りです。,
R2-AM-72,R2,午後,72,法規,建築基準法,次の記述のうち、建築基準法上、誤っているものはどれか。,"建築主は、延べ面積が 1,000 m2 を超え、かつ、階数が 3 以上の建築物を新築する場合、一級建築士である工事監理者を定めなければならない。",特定行政庁は、飲食店に供する床面積が 200 m2 を超える建築物の劣化が進み、そのまま放置すれば著しく保安上危険となると認める場合、相当の猶予期限を付けて、所有者に対し除却を勧告することができる。,建築監視員は、建築物の工事施工者に対して、当該工事の施工の状況に関する報告を求めることができる。,建築主事は、建築基準法令の規定に違反した建築物に関する工事の請負人に対して、当該工事の施工の停止を命じることができる。,4,【ショーケン版】現場を止める命令（施工停止命令）を出せるのは、役所の「特定行政庁（知事や市長）」だけだ！建築主事はあくまで「確認申請が通るかチェックする人」であって、工事を止める強力な権限までは持ってねえんだよ。立場と権限を混同するな！,【建龍版】建築基準法第9条（違反建築物に対する措置）に関する問題です。違反建築物に対して工事の施工停止や是正を命じることができるのは「特定行政庁」です。「建築主事」にはその権限が与えられていないため、4が誤りです。,
R2-PM-73,R2,午後,73,法規,建築基準法,避難施設等に関する記述として、建築基準法上、誤っているものはどれか。,小学校には、非常用の照明装置を設けなければならない。,集会場で避難階以外の階に集会室を有するものは、その階から避難階又は地上に通ずる 2 以上の直通階段を設けなければならない。,映画館の客用に供する屋外への出口の戸は、内開きとしてはならない。,高さ 31 m を超える建築物には、原則として、非常用の昇降機を設けなければならない。,1,【ショーケン版】小学校の教室に「非常照明」がついてるの見たことあるか？小学校、中学校、義務教育学校は、夜に使うことを想定してねえから非常用の照明装置の設置は免除されてんだよ！代わりに百貨店や映画館みたいに不特定多数の人が集まるところは必須だ。学校の特例を覚えとけ！,【建龍版】非常用の照明装置（建築基準法施行令第126条の4）に関する問題です。非常用の照明装置の設置義務は、特殊建築物の居室等に課されますが、「学校、体育館、ボーリング場、水泳場」等は設置義務から除外されています（ただし、夜間使用される部分等を除く）。したがって、小学校に一律に義務付けるとする記述は誤りです。,
R2-PM-74,R2,午後,74,法規,建設業法,建設業の許可に関する記述として、建設業法上、誤っているものはどれか。,建設業の許可を受けようとする者は、許可を受けようとする建設業に係る建設工事に関して 10 年の実務の経験を有する者を、一般建設業の営業所に置く専任の技術者とすることができる。,建設業の許可を受けようとする者は、複数の都道府県の区域内に営業所を設けて営業しようとする場合、それぞれの都道府県知事の許可を受けなければならない。,内装仕上工事など建築一式工事以外の工事を請け負う建設業者であっても、特定建設業の許可を受けることができる。,"特定建設業の許可を受けた者でなければ、発注者から直接請負った建設工事を施工するために、建築工事業にあっては下請代金の額の総額が 7,000 万円以上となる下請契約を締結してはならない。",2,【ショーケン版】県をまたいで営業所を作るなら、もう知事の出る幕じゃねえ！「2つ以上の都道府県」にまたがるなら、許可を出すのは「国土交通大臣」だ。1つの県の中だけでやるなら「知事」。大臣か知事か、営業所の場所で決まるって覚えとけ！,"【建龍版】建設業の許可（建設業法第3条）に関する問題です。二以上の都道府県の区域内に営業所を設けて営業しようとする場合は「国土交通大臣」の許可が必要です。それぞれの都道府県知事から個別に受けるわけではないため、2が誤りです。なお、特定建設業の下請代金基準は現在「7,000万円（建築一式）」です（H30当時は4,500万円）。",
R2-PM-75,R2,午後,75,法規,建設業法,請負契約に関する記述として、建設業法上、誤っているものはどれか。,注文者は、請負人に対して、建設工事の施工につき著しく不適当と認められる下請負人が marketing あるときは、あらかじめ注文者の書面等による承諾を得て選定した下請負人である場合を除き、その変更を請求することができる。,"注文者は、工事一件の予定価格が 5,000 万円以上である工事の請負契約の方法が随意契約による場合であっても、契約の締結までに建設業者が当該建設工事の見積りをするための期間は、原則として、 15 日以上を設けなければならない。",元請負人は、その請け負った建設工事を施工するために必要な工程の細目、作業方法その他元請負人において定めるべき事項を定めようとするときは、あらかじめ、注文者の意見をきかなければならない。,請負人は、請負契約の履行に関し工事現場に現場代理人を置く場合に、注文者の承諾を得て、現場代理人に関する事項を、省令で定める情報通信の技術を利用する方法で通知することができる。,3,【ショーケン版】「現場の回し方（工程の細目や作業方法）」を決めるのに、いちいち施主（注文者）の顔色をうかがう必要はねえよ！「下請負人」の意見はきかなきゃいけないが、施主は専門家じゃねえんだ。俺たちプロ（元請け）が責任を持って決めるのが筋だろ！,【建龍版】建設業法第24条の2（下請負人の意見の聴取等）に関する問題です。元請負人は、工程の細目や作業方法等を定めようとするときは、あらかじめ「下請負人」の意見をきかなければなりません。「注文者の意見をきかなければならない」とする記述は法規定と異なるため、3が誤りです。,
R2-PM-76,R2,午後,76,法規,建設業法,工事現場に置く技術者に関する記述として、建設業法上、誤っているものはどれか。,"発注者から直接建築一式工事を請け負った特定建設業者は、下請契約の総額が 7,000 万円以上の工事を施工する場合、監理技術者を工事現場に置かなければならない。","工事一件の請負代金の額が 8,000 万円である診療所の建築一式工事において、工事の施工の技術上の管理をつかさどるものは、工事現場ごとに専任の者でなければならない。",専任の主任技術者を必要とする建設工事のうち、密接な関係のある二以上の建設工事を同一の建設業者が同一の場所又は近接した場所において施工するものについては、同一の専任の主任技術者がこれらの建設工事を管理することができる。,"発注者から直接防水工事を請け負った特定建設業者は、下請契約の総額が 4,500 万円の工事を施工する場合、主任技術者を工事現場に置かなければならない。",4,"【ショーケン版】防水工事（一式以外）の下請け合計が「4,500万」？そりゃ「監理技術者」の出番だろ！一式工事以外の特定建設業ラインは「4,500万円以上」だ。4,500万ピッタシなら、主任技術者じゃなくて「監理技術者」を置かなきゃ法律違反だぞ！","【建龍版】監理技術者の設置（建設業法第26条）に関する問題です。特定建設業者が下請契約を締結して工事を施工する場合、その総額が「4,500万円（建築一式は7,000万円）」以上となる時は、主任技術者に代えて「監理技術者」を置かなければなりません。したがって、4,500万円の防水工事で「主任技術者」とする記述は誤りです。",
R2-PM-77,R2,午後,77,法規,労働基準法,労働契約に関する記述として、労働基準法上、誤っているものはどれか。,使用者は、労働者の退職の場合において、請求があった日から、原則として 7 日以内に賃金を支払い、労働者の権利に属する金品を返還しなければならない。,満 60 歳以上の労働者との間に締結される労働契約は、契約期間の定めのないものを除き、一定の事業の完了に必要な期間を定めるもののほかは、 5 年を超える期間について締結してはならない。,使用者は、労働者が業務上負傷し、休業する期間とその後 30 日間は、やむを得ない事由のために事業の継続が不可能となった場合においても解雇してはならない。,使用者は、試の使用期間中の者で 14 日を超えて引き続き使用されるに至った者を解雇しようとする場合、原則として、少なくとも 30 日前にその予告をしなければならない。,3,【ショーケン版】業務災害で休んでる期間＋30日間は原則「解雇制限」がかかるが、「天災地変で会社が続けられなくなった」時は別だぞ！労基署長の認定を受けりゃ解雇できるんだ。「どんな場合でも絶対ダメ」ってのは法律の引っかけだ。例外を忘れんな！,【建龍版】労働基準法第19条（解雇制限）に関する問題です。労働者が業務上負傷し療養のために休業する期間及びその後30日間は原則として解雇できませんが、「天災事変その他やむを得ない事由のために事業の継続が不可能となった場合」で、行政官庁（労基署長）の認定を受けた場合は例外的に解雇が認められます。したがって「不可能となった場合においても解雇してはならない」とする記述は誤りです。,
R2-PM-78,R2,午後,78,法規,労働安全衛生法,建設業の事業場における安全衛生管理体制に関する記述として、労働安全衛生法上、誤っているものはどれか。,統括安全衛生責任者を選任すべき特定元方事業者は、元方安全衛生管理者を選任しなければならない。,安全衛生責任者は、安全管理者又は衛生管理者の資格を有する者でなければならない。,統括安全衛生責任者は、その事業の実施を統括管理する者でなければならない。,元方安全衛生管理者は、その事業場に専属の者でなければならない。,2,【ショーケン版】「安全衛生責任者（下請けの職長）」に、安全管理者や衛生管理者の免許なんて要らねえよ！下請けのリーダーとして現場をまとめるのが仕事なんだから。逆に「元方安全衛生管理者（元請け）」には、ちゃんと技術的な資格が必要なんだ。責任の重さを勘違いすんな！,【建龍版】安全衛生責任者（安衛法第16条）に関する問題です。安全衛生責任者（主に関係請負人が選任）には、安全管理者や衛生管理者といった特定の資格要件は規定されていません。一方、元方安全衛生管理者（安衛法第15条の2）には、実務経験や資格等の要件が課されています。したがって2が誤りです。,
R2-PM-79,R2,午後,79,法規,労働安全衛生法,労働者の就業に当たっての措置に関する記述として、労働安全衛生法上、正しいものはどれか。,事業者は、従事する業務に関する安全又は衛生のため必要な事項の全部又は一部に関し十分な知識及び技能を有していると認められる労働者については、当該事項についての雇入れ時の安全衛生教育を省略することができる。,就業制限に係る業務に就くことができる者が当該業務に従事するときは、これに係る免許証その他その資格を証する書面の写しを携帯していなければならない。,元方安全衛生管理者は、作業場において下請負業者が雇入れた労働者に対して、雇入れ時の安全衛生教育を行わなければならない。,事業者は、作業主任者の選任を要する作業において、新たに職長として職務に就くことになった作業主任者について、法令で定められた安全又は衛生のための教育を実施しなければならない。,1,【ショーケン版】ベテランの職人に、今さら「道具の使い方の基本（雇入れ教育）」なんて教えなくていいだろ！十分な知識があるって認められた奴なら、教育の一部や全部を省略してもいいって法律で決まってんだよ。効率的に現場を回せってことだ！,【建龍版】安全衛生教育（労働安全衛生法第59条、安衛則第37条）に関する問題です。事業者は、労働者が従事する業務に関して十分な知識・技能を有していると認められる場合、雇入れ時等の教育を省略することができます（1が正しい）。他の誤り：2.免許証等は「原本」の携帯が必要です。3.雇入れ時教育は各事業主（下請けなら下請け会社）が行います。4.作業主任者は職長教育（第60条）の対象から除外されています。,
R2-PM-80,R2,午後,80,法規,建設リサイクル法,建設工事に係る資材の再資源化等に関する法律上、特定建設資材を用いた建築物等の解体工事又は新築工事等のうち、分別解体等をしなければならない建設工事に該当しないものはどれか。,建築物の増築工事であって、当該工事に係る部分の床面積の合計が 500 m2 の工事,"建築物の大規模な修繕工事であって、請負代金の額が 8,000 万円の工事",建築物の解体工事であって、当該工事に係る部分の床面積の合計が 80 m2 の工事,擁壁の解体工事であって、請負代金の額が 500 万円の工事,2,"【ショーケン版】リサイクル法の「届出」が必要な金額を覚えとけ！建物以外の工作物（擁壁とか）なら、請負代金が「500万円以上」からだぞ。建築物の修繕（大規模修繕等）なら、請負代金が「1億円以上」だ。8,000万なら該当しない（セーフ）だ！金額の引っかけに騙されるな！","【建龍版】建設リサイクル法の対象工事に関する問題です。分別解体等の義務が生じるのは、1.解体工事：床面積80m2以上、2.新築・増築：床面積500m2以上、3.修繕・模様替：請負代金「1億円以上」、4.工作物の解体・新築等：請負代金「500万円以上」です。「請負代金8,000万円の修繕工事」は1億円未満であるため、対象外となります。したがって2が正解です。",
R2-PM-81,R2,午後,81,法規,騒音規制法,騒音規制法上、指定地域内における特定建設作業の実施の届出に関する記述として、誤っているものはどれか。ただし、作業はその作業を開始した日に終わらないものとする。,さく岩機を使用する作業であって、作業地点が連続的に移動し、1 日における当該作業に係る地点間の距離が 50 m を超える作業は、特定建設作業の実施の届出をしなければならない。,さく岩機の動力として使用する作業を除き、電動機以外の原動機の定格出力が 15 kW 以上の空気圧縮機を使用する作業は、特定建設作業の実施の届出をしなければならない。,環境大臣が指定するものを除き、原動機の定格出力が 40 kW 以上のブルドーザーを使用する作業は、特定建設作業の実施の届出をしなければならない。,環境大臣が指定するものを除き、原動機の定格出力が 80 kW 以上のバックホウを使用する作業は、特定建設作業の実施の届出をしなければならない。,1,【ショーケン版】さく岩機（ブレーカー）の届出基準をなめんな！「移動しながら」やる作業は、1日の移動距離が「50mを超える」場合なら届出が『免除』されるんだよ！移動してるんだから、一箇所がずっとうるさいわけじゃねえってことだ。文章の「超える」なら「しなくていい」のが法律だぞ！,【建龍版】騒音規制法施行令（別表第2）に関する問題です。さく岩機を使用する作業のうち、「作業地点が連続的に移動する作業であって、1日における当該作業に係る地点間の距離が50mを超えるもの」は、特定建設作業から除外されています。したがって、届出を「しなければならない」とする記述は誤りです。,
R2-PM-82,R2,午後,82,法規,道路交通法,貨物自動車に分割できない資材を積載して運転する際に、道路交通法上、当該車両の出発地を管轄する警察署長の許可を必要とするものはどれか。ただし、貨物自動車は、軽自動車を除くものとする。,長さ 11 m の自動車に、車体の前後に 0.5 m ずつはみ出す長さ 12 m の資材を積載して運転する場合,荷台の高さが 1 m の自動車に、高さ 2.7 m の資材を積載して運転する場合,幅 2.2 m の自動車に、車体の左右に 0.1 m ずつはみ出す幅 2.4 m の資材を積載して運転する場合,積載された資材を看守するため、必要な最小限度の人員として 2 名を荷台に乗車させて運転する場合,3,【ショーケン版】車から「横にはみ出す」のは絶対に許可が要るんだよ！長さ（前後の1.1倍まで）や高さ（地上から3.8mまで）なら許可なしでいける範囲があるが、幅だけは「車からはみ出した瞬間」にアウトだ。左右に0.1mずつなんて、危なっかしくて警察の許可なしじゃ通せねえぞ！,【建龍版】道路交通法（積載制限）に関する問題です。警察署長の許可なしで積載できる制限は、1.長さ：車体の長さの1.1倍まで、2.高さ：地上から3.8mまで、3.幅：自動車の幅「まで」です。幅については、車体からはみ出す積載は原則として認められておらず、はみ出す場合は必ず警察署長の許可が必要となります。したがって3が正解です。,